,word,frequency
0,de,38928.92
2,et,20879.73
3,à,19209.05
4,le,18310.95
5,il,15832.09
6,être,15085.47
8,ne,13841.89
9,un,13550.68
10,avoir,12800.81
13,je,10862.77
15,une,9587.97
16,pas,8795.14
17,en,8732.57
18,dans,8296.08
19,qui,7923.24
22,se,6587.77
23,pour,6198.24
25,faire,5328.99
26,au,5322.5
27,sur,5320.47
28,plus,5014.53
29,on,4838.38
30,dire,4832.5
31,son,4696.15
32,mais,4463.72
33,me,4264.32
34,lui,4225.14
35,avec,4000.41
36,nous,3867.84
38,par,3727.09
39,vous,3507.16
40,comme,3429.32
41,que,3315.95
42,tout,3171.35
44,y,3086.76
45,ce,2958.58
46,aller,2854.93
48,pouvoir,2659.8
49,tu,2537.03
50,bien,2535.14
51,ça,2477.64
52,ou,2429.86
53,voir,2401.76
55,mon,2307.97
56,sans,2224.12
57,où,2068.11
58,savoir,2003.58
59,aux,1907.57
60,moi,1877.57
62,vouloir,1640.14
63,encore,1579.05
64,deux,1557.91
66,petit,1541.96
67,rien,1522.91
68,venir,1514.53
69,quand,1480.07
70,prendre,1466.42
71,homme,1398.85
72,aussi,1359.86
73,même,1358.65
74,jour,1341.76
75,devoir,1318.18
76,temps,1289.39
77,falloir,1250.41
78,grand,1244.66
79,oeil,1234.59
80,main,1229.39
81,passer,1165.27
82,fois,1140.0
83,non,1135.81
84,jamais,1122.97
85,très,1120.81
86,toujours,1093.78
87,là,1089.66
88,parler,1086.01
89,mettre,1083.72
90,chose,1057.64
91,alors,1033.78
92,sous,1032.7
93,peu,1023.38
95,regarder,997.91
96,femme,995.74
97,demander,984.46
98,trouver,972.5
99,dont,960.34
100,vers,956.15
101,suivre,949.12
102,croire,947.23
103,si,933.99
104,heure,924.05
105,tête,923.45
106,seul,915.27
107,donner,896.01
109,autre,870.14
110,penser,869.8
111,vie,853.31
112,laisser,851.55
113,coup,837.7
114,puis,836.42
115,entre,833.99
116,après,821.55
117,aimer,795.61
118,rester,793.78
119,trop,790.0
120,bon,789.66
122,te,774.32
123,mère,761.28
124,cela,741.82
125,monde,741.35
126,tenir,741.22
127,nuit,738.24
129,enfant,725.68
130,père,723.51
131,arriver,723.04
132,entendre,719.12
133,sentir,718.78
134,moins,718.18
135,attendre,706.69
136,déjà,702.23
137,peut-être,697.97
138,air,690.81
139,devant,690.34
140,moment,688.24
141,an,685.81
142,notre,680.68
143,chez,680.54
144,premier,672.57
145,ni,662.36
146,trois,660.34
147,oui,637.57
148,connaître,629.26
149,sortir,627.57
150,beau,620.07
151,porte,617.43
152,comprendre,614.8
153,voix,612.7
155,fille,592.23
156,contre,591.15
158,maison,575.34
159,avant,574.32
160,sembler,572.84
161,jeune,569.19
162,côté,566.49
163,visage,565.0
164,rue,562.97
165,soir,562.64
166,quelque,557.77
167,mot,553.78
168,depuis,542.64
169,devenir,533.51
170,vieux,512.91
172,cet,497.5
173,maintenant,496.76
174,ouvrir,492.5
175,revenir,490.54
176,bras,487.97
177,pied,486.42
178,chaque,486.35
179,partir,485.68
180,ici,483.58
181,noir,482.23
182,corps,480.34
183,porter,474.93
184,ainsi,469.46
185,car,469.32
186,place,468.58
187,rendre,468.11
188,répondre,466.76
189,presque,465.54
190,appeler,465.34
191,arrêter,462.5
192,beaucoup,461.42
193,vivre,460.34
194,eau,459.86
195,terre,452.91
196,mort,452.7
197,loin,452.36
198,toi,450.34
199,pendant,450.14
200,chercher,448.99
201,paraître,448.11
202,donc,445.88
203,long,444.86
204,tomber,441.42
205,lever,440.74
206,enfin,440.27
207,tant,436.42
208,blanc,430.54
209,vrai,430.07
210,votre,427.91
211,leur,427.5
212,regard,423.18
213,commencer,421.89
214,assez,420.14
215,finir,417.97
216,retrouver,416.22
217,chambre,413.31
218,sûr,412.97
219,gens,409.39
220,poser,409.05
221,monter,404.59
222,amour,403.92
223,dernier,403.11
225,peine,399.53
226,entrer,398.38
227,mieux,398.38
228,bout,398.11
229,seulement,397.97
230,matin,396.76
231,dieu,396.49
232,asseoir,395.27
233,nom,395.0
234,mourir,391.08
235,tirer,383.24
236,quoi,380.07
237,table,379.8
238,perdre,377.36
239,tourner,377.09
240,fond,376.15
241,pourtant,375.68
242,année,375.54
244,plein,370.41
245,autour,361.55
246,histoire,359.53
247,fait,355.54
249,ami,354.12
250,gros,353.45
251,ville,352.97
252,vite,351.89
253,doute,350.07
254,mal,349.46
255,derrière,349.39
256,ailleurs,346.35
257,force,344.73
258,tard,344.26
259,écrire,341.82
260,instant,340.2
261,reprendre,340.14
262,lit,338.18
263,jouer,337.23
264,jeter,336.82
265,longtemps,335.54
266,soleil,334.39
267,voilà,329.12
268,question,328.45
269,idée,328.45
271,marcher,325.61
272,silence,325.54
273,monsieur,324.86
274,lire,324.8
275,point,323.58
277,rire,320.54
278,part,320.41
279,celui,319.19
280,quitter,318.72
281,mur,317.77
282,fin,314.53
283,écouter,314.05
284,personne,312.16
285,peur,311.69
286,ton,310.47
288,raison,308.78
289,tour,308.72
290,sorte,307.16
291,ciel,305.2
292,mois,304.86
293,descendre,301.62
295,bois,299.46
297,pourquoi,297.64
298,ah,297.16
299,essayer,296.69
300,nouveau,292.43
301,surtout,291.49
302,retourner,290.88
303,pousser,288.92
304,épaule,288.72
305,train,288.65
306,route,288.04
307,parfois,287.36
308,oublier,286.96
309,souvent,286.96
310,apprendre,286.69
311,livre,286.49
312,servir,286.22
313,près,285.41
314,bouche,283.45
315,voiture,283.11
316,continuer,282.77
317,quatre,282.64
318,bruit,281.49
319,plutôt,280.74
320,manger,280.61
321,fenêtre,280.2
322,rentrer,279.93
323,façon,277.3
324,montrer,276.55
325,pièce,276.35
326,suite,275.81
327,dès,275.07
328,famille,274.39
329,boire,274.32
330,vraiment,274.32
331,lumière,274.26
332,rouge,273.24
333,geste,271.08
334,face,270.88
335,cheveu,270.68
336,lieu,267.57
337,besoin,266.62
338,quel,265.34
339,travail,263.45
340,courir,263.38
341,sourire,262.91
342,garçon,262.5
343,raconter,261.89
344,dormir,259.05
345,envie,258.11
347,garder,257.5
348,doigt,256.15
349,milieu,256.08
350,lettre,256.01
351,affaire,253.38
352,ta,251.69
353,travers,247.64
354,fils,247.64
355,changer,246.49
356,quelle,244.39
357,pays,241.55
358,comment,241.35
359,imaginer,241.15
360,autant,240.41
361,crier,239.73
363,général,236.89
364,feu,236.15
365,ordre,235.34
366,expliquer,233.92
367,plaisir,233.85
368,ombre,233.45
369,apercevoir,233.11
370,chemin,231.42
371,verre,230.07
372,glisser,229.32
373,reconnaître,229.19
374,bord,228.11
375,ajouter,224.66
376,recevoir,224.46
377,lèvre,222.03
378,jambe,220.95
379,cinq,220.61
380,vent,220.27
381,occuper,219.8
382,agir,219.73
383,tendre,218.38
384,état,218.18
385,sens,217.5
386,âge,217.43
387,cas,217.36
388,frère,216.35
389,esprit,216.28
390,salle,215.81
391,souvenir,215.41
392,décider,214.19
393,offrir,213.99
394,dos,213.99
395,fort,212.77
396,possible,211.96
397,partie,211.49
398,dix,209.86
400,arbre,208.58
401,compte,208.38
402,bleu,207.64
403,serrer,207.5
404,propre,207.5
405,sang,207.3
406,soudain,207.3
407,lorsque,207.09
408,chef,205.95
409,compter,203.72
410,plusieurs,203.58
411,madame,203.45
412,papier,203.11
413,travailler,202.7
414,remettre,202.5
415,lui-même,202.3
416,rappeler,202.23
417,minute,201.42
418,traverser,200.81
419,mauvais,200.61
420,répéter,200.14
421,coin,199.26
422,couleur,198.72
423,découvrir,198.18
424,journal,197.7
425,manquer,197.64
426,semaine,197.5
427,cause,197.3
428,fermer,197.16
429,oh,197.09
430,haut,196.76
431,coucher,196.22
432,approcher,196.15
433,odeur,195.68
434,avancer,195.0
435,argent,194.39
437,oreille,194.12
438,effet,192.36
439,malgré,191.55
440,toucher,190.27
441,heureux,190.0
442,aussitôt,189.93
443,pierre,189.86
444,image,188.92
445,rencontrer,188.51
446,chacun,187.84
447,peau,187.77
448,pauvre,187.77
449,bas,187.09
450,jardin,185.81
452,chien,184.59
453,permettre,184.19
454,type,184.19
455,disparaître,183.31
456,mouvement,182.97
457,certain,182.64
458,battre,182.36
459,cacher,181.89
460,aucun,180.95
461,gagner,180.88
463,partout,179.39
464,journée,179.39
465,cheval,179.26
466,parole,178.31
467,cesser,177.77
468,envoyer,177.64
469,nez,177.64
471,cours,176.76
472,forme,176.69
473,eh,176.62
474,au-dessus,176.35
475,valoir,175.74
477,sac,174.26
478,jeu,173.31
479,importer,173.11
482,parmi,171.96
483,empêcher,171.28
484,tuer,171.15
485,bientôt,169.59
487,ensuite,169.19
488,reste,168.58
489,tellement,168.51
490,frapper,168.31
491,nu,168.04
492,libre,167.91
493,lancer,165.07
494,fleur,164.39
495,fou,164.32
496,droit,163.72
497,rouler,163.45
498,pleurer,163.31
499,bonheur,162.36
500,ligne,162.3
501,installer,162.23
502,froid,161.69
503,signe,161.28
505,remonter,160.14
506,suffire,159.39
507,apporter,159.32
508,apparaître,159.26
509,front,159.12
511,debout,158.85
512,aider,158.65
513,retour,158.65
515,genre,157.91
516,manière,157.77
517,ressembler,157.5
518,sentiment,157.3
519,bouger,156.76
520,clair,156.69
521,lentement,156.55
522,parvenir,156.42
523,six,156.22
524,pencher,155.88
525,oser,155.54
526,cri,155.41
527,impression,155.27
528,ancien,154.86
529,gris,154.86
530,vingt,154.59
531,habitude,154.46
532,passage,154.39
533,préparer,154.12
534,juste,153.45
535,marche,152.97
536,refuser,152.77
537,âme,151.62
538,pensée,151.55
539,maître,151.49
540,dame,151.35
541,léger,151.01
542,sol,150.34
543,payer,150.2
544,joie,150.2
545,cour,150.14
546,bureau,150.07
547,pareil,149.66
548,lendemain,149.26
549,escalier,148.85
550,simple,148.58
551,acheter,148.38
552,exister,148.18
553,robe,148.18
554,entier,147.91
555,vide,147.5
556,dur,146.69
558,parent,146.35
559,poche,146.28
560,lourd,145.88
561,vert,145.14
563,église,145.07
564,ensemble,145.07
565,tes,145.0
566,accepter,144.66
567,conduire,144.66
568,maman,144.39
569,vue,144.39
570,village,143.99
571,école,143.99
572,retenir,143.92
573,sec,142.84
574,service,142.77
575,remarquer,142.16
576,mille,142.09
577,ventre,141.96
578,goût,141.82
579,espèce,141.69
580,début,141.49
581,présent,141.01
582,fixer,140.95
583,couper,140.88
584,vérité,140.88
585,phrase,140.47
586,voyage,140.07
587,plaire,139.8
588,taire,139.8
589,cependant,139.73
590,revoir,139.46
591,époque,138.51
592,feuille,138.04
593,mener,137.7
594,endroit,137.57
595,embrasser,137.5
596,lequel,137.09
597,effort,136.62
598,chance,136.35
600,accord,136.15
601,intérieur,135.88
602,saisir,135.74
603,présence,135.54
604,cuisine,135.41
605,cent,135.41
606,présenter,135.14
607,espérer,134.93
608,rejoindre,134.8
609,sauter,134.59
610,gauche,134.59
611,simplement,134.32
612,demain,134.12
613,boîte,134.05
614,choisir,133.92
615,annoncer,133.92
616,cher,133.65
617,couvrir,133.51
618,larme,133.51
619,préférer,133.38
620,éloigner,133.11
621,siècle,132.91
622,mesure,132.84
623,échapper,132.64
624,patron,132.43
625,ouvert,132.36
628,rapport,130.95
629,chat,130.74
630,moindre,130.27
631,mètre,130.07
632,or,130.0
635,demeurer,128.85
636,rêve,128.58
637,abandonner,128.45
638,doucement,128.38
639,rêver,128.18
640,genou,127.91
641,oncle,127.7
642,éprouver,127.09
643,tenter,126.96
644,atteindre,126.76
645,tôt,126.76
646,exemple,126.62
647,assurer,126.55
648,langue,126.28
649,appuyer,126.01
650,contraire,126.01
651,chanter,125.81
652,sombre,125.74
653,dent,125.68
654,été,125.47
655,réveiller,125.41
656,relever,124.93
657,attention,124.53
658,accompagner,124.46
659,objet,124.32
660,mari,124.26
661,hasard,124.19
662,murmurer,123.58
663,départ,123.04
664,traîner,122.77
665,pluie,122.57
666,groupe,122.5
667,hésiter,122.43
668,charger,122.16
669,réussir,122.16
670,joue,121.76
671,seconde,121.49
672,emporter,121.28
673,prêt,121.28
674,couler,121.15
675,amuser,120.95
676,énorme,120.0
677,joli,120.0
679,proposer,119.66
680,naître,119.32
681,souffrir,119.26
682,entrée,118.78
684,herbe,118.51
685,tante,118.38
686,chaise,118.31
687,difficile,118.11
688,droite,117.97
690,intéresser,117.36
691,bête,117.36
692,désir,117.09
693,surprendre,116.62
694,étonner,116.55
695,immobile,116.42
696,secouer,116.35
697,allumer,116.28
698,chaleur,116.22
699,observer,116.01
700,tel,115.74
701,page,115.54
702,cou,115.34
703,conversation,115.34
704,baisser,115.27
706,scène,114.93
707,sommeil,114.8
708,musique,114.32
709,fer,114.19
710,avenir,113.72
711,passé,113.51
712,elle-même,113.51
713,soulever,113.38
714,arracher,113.38
715,forêt,113.31
716,chaud,113.31
717,neuf,113.18
718,oiseau,113.04
719,mêler,112.64
720,habiter,112.5
721,côte,112.5
722,deviner,112.3
723,foule,112.3
725,entourer,112.09
726,garde,112.09
727,ennemi,111.96
728,étendre,111.89
729,frais,111.69
730,humain,111.55
731,arme,111.49
732,brusquement,111.42
733,carte,111.42
734,selon,110.88
735,mémoire,110.88
736,guère,110.68
737,éviter,110.47
738,vin,110.47
739,former,110.27
740,gueule,109.93
741,jaune,109.86
742,séparer,109.8
743,faux,109.59
744,ramener,109.26
745,dehors,109.05
746,court,108.99
747,classe,108.92
748,ignorer,108.45
749,trou,108.38
750,craindre,108.31
752,direction,108.04
753,combien,108.04
755,obliger,107.57
756,large,107.5
757,prix,107.5
758,peuple,107.3
761,coller,107.16
762,moyen,107.03
763,immense,106.89
764,toile,106.62
765,champ,106.49
766,poursuivre,106.42
767,propos,106.28
768,prier,105.74
769,occasion,105.74
770,profond,105.74
771,sujet,105.74
772,triste,105.61
773,emmener,105.47
774,pain,105.41
775,troupe,105.41
776,songer,104.86
777,situation,104.86
778,enfoncer,104.8
779,brûler,104.73
780,couloir,104.53
781,poitrine,104.46
782,bouteille,104.05
783,enfance,103.99
784,élever,103.85
786,étrange,103.58
787,copain,103.38
788,huit,102.5
789,respirer,102.43
790,sale,102.03
791,fauteuil,102.03
792,espoir,101.89
793,placer,101.76
794,chair,101.69
795,durer,101.62
796,promettre,101.42
797,certains,101.28
799,salon,101.22
800,dimanche,101.15
801,entraîner,101.08
802,marquer,101.08
803,éclater,100.47
804,souffle,100.2
805,colère,100.07
806,terminer,100.0
807,accrocher,99.93
808,réponse,99.93
809,dresser,99.86
810,fil,99.73
811,hiver,99.53
812,risquer,99.32
813,morceau,99.32
814,visite,99.32
816,sauver,99.05
817,camarade,98.99
818,roi,98.92
819,facile,98.65
820,maintenir,98.51
821,retirer,98.31
822,adresser,98.04
823,national,98.04
824,liberté,97.97
825,davantage,97.84
826,promener,97.77
827,honneur,97.36
828,intérêt,97.36
829,existence,97.36
830,voici,97.3
831,tromper,97.3
832,trait,97.3
833,camp,97.23
834,compagnie,97.16
835,juger,96.96
836,rôle,96.96
838,téléphone,96.82
839,étage,96.55
841,grand-père,96.49
842,avouer,96.22
845,secret,96.01
846,impossible,96.01
847,nature,95.88
848,diriger,95.68
849,figure,95.34
850,faute,95.2
851,vif,95.07
852,drôle,95.07
853,arrière,95.0
854,problème,95.0
855,quinze,94.8
856,photo,94.59
857,balle,94.59
858,engager,94.59
859,grand-mère,94.59
860,trembler,94.05
861,fête,94.05
862,amener,93.92
863,grave,93.78
865,auprès,93.45
866,lampe,93.11
867,casser,92.7
868,vendre,92.64
869,hier,92.64
870,beauté,92.64
871,malheur,92.64
872,sonner,92.57
873,danser,92.57
874,capitaine,92.57
875,hors,92.43
876,écarter,92.36
877,appartenir,92.36
878,exactement,92.36
880,vivant,92.23
881,différent,92.03
882,lointain,91.96
883,confiance,91.96
884,tranquille,91.96
885,douleur,91.89
886,refermer,91.76
887,toit,91.76
888,condition,91.62
891,chemise,91.42
892,profiter,91.22
893,détail,91.15
895,glace,91.01
896,écraser,90.81
898,poste,90.68
899,épais,90.61
900,pur,90.34
901,vêtement,90.14
902,tableau,90.0
903,cousin,89.93
904,allonger,89.66
905,sinon,89.26
906,agiter,89.19
907,lâcher,89.19
908,paquet,89.19
909,réfléchir,89.05
910,poids,89.05
911,veille,89.05
912,plan,88.99
913,hurler,88.65
914,voler,88.65
915,second,88.58
916,filer,88.51
918,hein,88.45
919,désormais,88.45
920,douter,88.11
921,terrible,88.11
923,chapeau,88.04
924,truc,87.77
925,passion,87.64
926,repartir,87.57
927,considérer,87.43
928,action,87.43
931,parti,87.36
932,rare,87.23
933,pénétrer,87.23
934,prêter,87.09
935,personnage,86.96
937,meilleur,86.82
938,gorge,86.82
939,important,86.76
940,content,86.49
941,capable,86.35
942,plonger,86.22
943,prononcer,86.08
944,éclairer,85.95
945,branche,85.61
946,représenter,85.54
948,patte,85.14
950,livrer,84.93
951,aventure,84.86
952,événement,84.59
953,rideau,84.53
955,gare,84.53
956,centre,84.46
957,conseil,84.46
958,fumer,84.39
960,sauf,83.99
961,reposer,83.92
962,pointe,83.85
963,tas,83.78
964,caresser,83.72
965,police,83.72
966,souffler,83.65
968,pâle,83.58
969,honte,83.45
970,recommencer,83.31
971,disposer,83.18
972,bain,83.04
973,proche,82.91
975,réalité,82.77
976,éclat,82.77
977,animal,82.64
978,vacance,82.57
979,bateau,82.36
980,pomme,82.36
981,inviter,82.3
982,avance,82.3
983,posséder,82.23
984,souhaiter,82.16
986,montagne,81.82
988,étoile,81.82
989,jurer,81.76
990,rencontre,81.76
991,crever,81.55
994,complètement,81.49
995,achever,81.42
996,remplir,81.42
997,supporter,81.22
998,briller,81.22
999,course,81.22
1000,ministre,81.15
1001,obtenir,80.95
1002,neige,80.88
1006,trace,80.27
1007,compagnon,80.0
1008,arrivée,80.0
1009,masse,79.8
1010,courant,79.73
1011,dessiner,79.66
1015,cuir,79.19
1017,moitié,79.05
1019,partager,78.99
1020,grâce,78.85
1021,dépasser,78.78
1022,enlever,78.78
1024,rond,78.51
1026,mince,78.51
1027,poussière,78.45
1028,imposer,78.38
1029,nombre,78.38
1030,justement,78.18
1031,avion,78.04
1033,amitié,77.77
1034,hauteur,77.7
1035,note,77.43
1036,quart,77.3
1037,surprise,77.16
1038,papa,77.16
1039,prévoir,77.09
1041,expression,76.89
1042,nuage,76.82
1043,éteindre,76.82
1044,blond,76.76
1045,soirée,76.69
1046,repas,76.62
1047,taille,76.49
1048,foi,76.49
1049,fuir,76.42
1051,croiser,76.35
1053,vitre,76.22
1054,poing,76.08
1055,poil,76.01
1056,faim,75.95
1057,commun,75.95
1058,regretter,75.88
1059,planter,75.88
1060,arranger,75.81
1061,étroit,75.81
1062,importance,75.81
1063,naturel,75.68
1065,sept,75.61
1066,forcer,75.41
1067,attirer,75.27
1068,lunette,75.27
1069,sortie,75.27
1070,étranger,75.0
1071,volonté,74.93
1072,ramasser,74.8
1073,bref,74.8
1075,américain,74.73
1076,terrain,74.73
1077,claquer,74.19
1078,distinguer,74.12
1079,château,74.12
1080,sûrement,74.12
1084,silencieux,74.05
1086,malade,73.92
1087,convenir,73.78
1088,spectacle,73.78
1089,prévenir,73.72
1090,calme,73.65
1091,vague,73.58
1092,évoquer,73.51
1093,appel,73.45
1094,silhouette,73.31
1095,déclarer,73.18
1096,surgir,73.18
1097,endormir,73.18
1098,interroger,73.04
1099,exprimer,72.64
1100,combat,72.57
1102,prison,72.43
1104,nord,72.3
1105,loi,72.3
1106,protéger,72.23
1107,bande,72.23
1108,hausser,71.96
1109,cesse,71.96
1110,naturellement,71.96
1111,flamme,71.82
1112,rapide,71.82
1113,vaste,71.76
1114,pantalon,71.76
1115,celui-ci,71.76
1116,croix,71.62
1117,tache,71.28
1118,titre,71.22
1119,parfaitement,71.08
1120,inquiéter,71.01
1121,presser,71.01
1122,gêner,71.01
1123,également,71.01
1125,voie,71.01
1126,peser,70.88
1127,vider,70.81
1129,attaquer,70.41
1130,effacer,70.34
1131,inutile,70.34
1132,valise,70.34
1133,courage,70.34
1134,lors,70.27
1135,opération,70.2
1136,ressentir,70.14
1137,unique,70.14
1138,numéro,70.07
1139,projet,70.0
1140,douceur,70.0
1141,traiter,69.93
1142,causer,69.93
1143,enfermer,69.86
1144,inventer,69.73
1147,certes,69.66
1149,laver,69.53
1150,confier,69.53
1151,horreur,69.46
1154,recouvrir,69.26
1156,reculer,69.05
1159,produire,68.92
1160,immeuble,68.78
1162,intention,68.65
1163,dîner,68.58
1164,midi,68.38
1166,soin,68.24
1167,admirer,68.18
1169,brun,68.18
1170,nécessaire,68.11
1171,manteau,68.11
1172,rassurer,68.04
1173,ranger,67.91
1174,taper,67.91
1175,chasser,67.91
1177,accorder,67.84
1180,balancer,67.7
1181,saluer,67.64
1182,peinture,67.64
1183,obscur,67.57
1184,connaissance,67.5
1185,prétendre,67.43
1186,habiller,67.36
1187,fumée,67.36
1190,insister,67.03
1191,précipiter,66.96
1193,désigner,66.69
1194,lune,66.69
1195,banc,66.42
1196,curieux,66.22
1197,horizon,66.15
1198,sérieux,66.01
1199,durant,65.95
1200,mine,65.88
1201,allure,65.88
1202,parfum,65.74
1203,égard,65.61
1204,magasin,65.54
1205,détacher,65.47
1206,soupirer,65.47
1207,riche,65.47
1208,contact,65.47
1209,preuve,65.34
1210,avaler,65.27
1211,public,65.27
1212,légèrement,65.2
1213,avis,65.14
1215,piquer,64.86
1216,gentil,64.86
1217,membre,64.86
1218,franchir,64.8
1219,nourrir,64.53
1220,renoncer,64.46
1221,contempler,64.46
1222,redresser,64.39
1223,interrompre,64.32
1224,goutte,64.32
1225,creuser,64.19
1226,lueur,64.19
1227,paysage,64.12
1228,lent,64.12
1231,miroir,63.99
1232,professeur,63.92
1233,flotter,63.85
1234,vêtir,63.85
1235,attente,63.85
1237,billet,63.58
1238,affirmer,63.51
1240,repousser,63.45
1241,absolument,63.45
1242,paupière,63.45
1243,position,63.38
1244,saint,63.31
1245,victoire,63.24
1246,étaler,63.11
1247,élément,63.04
1248,étude,63.04
1250,lait,62.91
1251,remuer,62.84
1253,normal,62.77
1254,autrement,62.77
1255,déposer,62.7
1256,maigre,62.7
1257,détester,62.64
1258,rapidement,62.64
1260,rapporter,62.43
1261,distance,62.43
1262,marché,62.43
1263,allée,62.36
1265,nommer,62.3
1266,assister,62.23
1268,kilomètre,62.23
1269,caractère,62.16
1270,minuscule,62.09
1271,couverture,62.03
1273,salut,61.82
1274,parcourir,61.82
1275,excuser,61.82
1276,inconnu,61.82
1277,précis,61.82
1278,plat,61.76
1281,briser,61.62
1283,veste,61.62
1286,soutenir,61.22
1287,souci,61.22
1288,boule,61.22
1290,cinquante,61.08
1292,tapis,60.88
1294,folie,60.74
1295,maladie,60.68
1296,transformer,60.68
1298,contenter,60.61
1299,aile,60.47
1301,but,60.41
1302,révéler,60.34
1303,sueur,60.34
1304,nombreux,60.27
1305,seigneur,60.14
1306,exiger,60.07
1307,plume,60.0
1308,décision,60.0
1309,menton,60.0
1310,certainement,59.93
1311,terme,59.73
1312,déjeuner,59.66
1313,émotion,59.59
1314,étouffer,59.46
1315,admettre,59.46
1316,chasse,59.46
1317,manche,59.39
1318,prochain,59.32
1319,épouser,59.26
1321,ennuyer,59.12
1322,qualité,59.12
1323,deuxième,59.05
1324,double,58.99
1325,sort,58.92
1326,contenir,58.92
1327,finalement,58.92
1328,malheureux,58.85
1329,expérience,58.72
1330,palais,58.72
1331,discuter,58.65
1333,retomber,58.58
1335,perdu,58.45
1336,matière,58.45
1338,longuement,58.45
1340,rang,58.24
1341,circonstance,58.24
1342,territoire,58.24
1343,échanger,58.18
1344,fier,58.18
1345,promenade,58.11
1346,pitié,58.11
1347,dégager,58.04
1348,pendre,58.04
1349,ferme,58.04
1350,humeur,58.04
1351,siège,57.91
1352,vitesse,57.84
1353,queue,57.84
1354,établir,57.77
1355,élève,57.77
1356,chaîne,57.77
1357,aube,57.77
1358,envahir,57.7
1359,pire,57.7
1360,angle,57.64
1361,dessus,57.57
1364,troisième,57.43
1365,constater,57.43
1366,acte,57.3
1367,paysan,57.3
1368,figurer,57.23
1369,surface,57.09
1372,crâne,56.82
1373,abri,56.76
1374,réunir,56.69
1375,assiette,56.62
1376,ennui,56.62
1378,chaussure,56.49
1380,fermé,56.35
1382,fournir,56.28
1383,dessin,56.28
1384,récit,56.15
1385,véritable,56.08
1386,costume,55.88
1387,signer,55.81
1389,rayon,55.74
1391,colline,55.61
1392,aide,55.54
1393,attraper,55.34
1396,danger,55.27
1397,accomplir,55.2
1399,puissance,55.2
1400,demi,55.2
1401,conserver,55.14
1403,essuyer,55.0
1404,etc,55.0
1405,tort,55.0
1406,radio,55.0
1408,hôpital,54.93
1409,détourner,54.86
1411,diable,54.8
1412,recherche,54.8
1413,accueillir,54.73
1414,sauvage,54.66
1415,rapprocher,54.66
1417,portrait,54.59
1418,mériter,54.53
1419,plateau,54.53
1420,lecture,54.53
1421,poisson,54.46
1422,remercier,54.46
1423,constituer,54.39
1424,surveiller,54.39
1425,interdire,54.39
1426,curiosité,54.39
1427,cercle,54.26
1429,efforcer,54.19
1430,coude,54.19
1431,indiquer,54.12
1433,cadavre,54.05
1434,verser,53.99
1436,particulier,53.99
1438,arrêt,53.92
1439,confondre,53.85
1440,ceci,53.78
1441,subir,53.72
1442,rendez-vous,53.72
1443,succès,53.72
1444,faible,53.65
1445,mystérieux,53.65
1446,merci,53.51
1448,charme,53.45
1449,humide,53.31
1450,brillant,53.31
1452,boue,53.31
1454,déchirer,53.11
1456,naissance,52.91
1457,semblable,52.91
1458,soit,52.91
1459,héros,52.77
1460,divers,52.77
1461,santé,52.7
1462,rassembler,52.7
1464,construire,52.64
1465,rompre,52.64
1466,aise,52.64
1467,crainte,52.64
1468,couteau,52.64
1469,menacer,52.57
1470,désert,52.57
1471,auquel,52.57
1472,haine,52.5
1473,prouver,52.43
1474,détruire,52.36
1475,invisible,52.36
1477,défense,52.3
1478,valeur,52.3
1480,bizarre,52.23
1481,visiter,52.16
1482,résister,52.16
1483,erreur,52.09
1484,mentir,52.03
1487,conclure,51.76
1488,vaguement,51.76
1492,bonjour,51.55
1494,réserve,51.55
1495,fortune,51.49
1497,choix,51.42
1499,heureusement,51.35
1500,juin,51.28
1502,grimper,51.15
1503,suivant,51.08
1504,moteur,51.08
1506,dissimuler,51.01
1507,mystère,51.01
1508,nuque,50.95
1509,gloire,50.88
1510,cadeau,50.81
1511,reflet,50.74
1512,camion,50.74
1513,examiner,50.68
1514,sourd,50.68
1515,réduire,50.61
1516,abattre,50.61
1517,dominer,50.61
1518,barbe,50.54
1519,discours,50.54
1520,concerner,50.47
1521,doré,50.47
1523,moquer,50.34
1524,article,50.34
1525,plafond,50.34
1526,risque,50.27
1527,plier,50.2
1529,frotter,50.14
1532,colonne,50.07
1533,incliner,50.0
1534,personnel,50.0
1535,creux,49.93
1536,règle,49.93
1538,seuil,49.86
1539,regagner,49.8
1540,difficulté,49.8
1542,adresse,49.8
1545,os,49.73
1547,crise,49.73
1549,pente,49.66
1550,saison,49.59
1552,obscurité,49.39
1553,réclamer,49.26
1554,talon,49.26
1555,source,49.19
1556,dossier,49.12
1557,fatiguer,49.05
1560,canon,48.99
1561,débarrasser,48.92
1562,gras,48.92
1563,boutique,48.92
1564,provoquer,48.85
1565,lutter,48.78
1566,leçon,48.72
1567,tristesse,48.72
1568,imagination,48.58
1569,clé,48.58
1570,apparence,48.51
1571,libérer,48.51
1572,russe,48.51
1573,mordre,48.45
1574,mission,48.45
1575,corde,48.38
1576,préciser,48.31
1578,vol,48.31
1579,douze,48.18
1580,coûter,48.11
1581,pot,48.04
1583,usage,47.97
1585,familier,47.91
1587,montre,47.84
1589,entreprendre,47.84
1590,puissant,47.7
1591,avenue,47.7
1592,sourcil,47.64
1593,réserver,47.57
1594,gonfler,47.57
1595,dangereux,47.57
1596,fabriquer,47.57
1599,composer,47.57
1600,sommet,47.5
1601,régner,47.43
1602,écrier,47.43
1604,mesurer,47.3
1607,signifier,47.23
1611,organiser,47.16
1612,fouiller,47.16
1613,souffrance,47.16
1614,pleuvoir,47.09
1616,système,46.96
1617,désespoir,46.89
1619,sensation,46.89
1621,flanc,46.89
1622,déplacer,46.82
1624,origine,46.82
1625,façade,46.76
1626,inquiétude,46.76
1627,grandir,46.69
1628,supérieur,46.69
1631,retard,46.62
1632,chanson,46.55
1633,inquiet,46.55
1634,envelopper,46.49
1635,habituer,46.42
1637,convaincre,46.35
1639,explication,46.28
1640,épreuve,46.28
1641,cellule,46.28
1643,victime,46.22
1644,incapable,46.22
1648,lier,46.08
1649,poignée,46.08
1651,opposer,46.01
1655,écho,45.95
1656,rythme,45.95
1657,flot,45.95
1658,artiste,45.88
1659,obéir,45.88
1660,éternel,45.88
1661,mai,45.88
1662,cracher,45.81
1664,date,45.74
1665,muet,45.74
1666,toilette,45.68
1668,joyeux,45.61
1669,décor,45.61
1670,armoire,45.54
1671,extrême,45.54
1672,accent,45.54
1673,ridicule,45.54
1674,ongle,45.47
1675,rage,45.34
1679,hâte,45.2
1680,bébé,45.2
1682,calmer,45.07
1683,crime,45.07
1684,moustache,45.07
1688,inspirer,45.0
1691,user,45.0
1692,viande,45.0
1693,botte,44.93
1694,enfiler,44.86
1695,thé,44.86
1697,carton,44.86
1698,accident,44.8
1700,tiède,44.73
1701,métal,44.73
1703,dizaine,44.73
1704,appareil,44.66
1705,opinion,44.66
1706,pardonner,44.59
1707,adorer,44.59
1708,condamner,44.59
1709,furieux,44.59
1711,tâche,44.53
1712,bouton,44.46
1713,base,44.46
1715,différence,44.46
1716,loup,44.39
1718,répandre,44.32
1719,exercer,44.26
1720,choc,44.19
1722,apprécier,44.12
1723,complet,44.12
1725,menace,44.12
1727,paille,44.05
1728,déranger,43.99
1729,parc,43.99
1730,cheminée,43.99
1731,respect,43.85
1733,quarante,43.78
1738,faillir,43.65
1740,septembre,43.58
1741,repos,43.58
1742,utiliser,43.51
1743,solution,43.51
1745,parfait,43.45
1746,voyageur,43.38
1747,blesser,43.31
1748,jaillir,43.24
1749,texte,43.24
1752,marbre,43.04
1754,prétexte,42.91
1755,poignet,42.84
1756,extraordinaire,42.84
1757,statue,42.84
1759,soigner,42.84
1760,cadre,42.84
1761,solide,42.77
1762,renvoyer,42.7
1763,inscrire,42.7
1764,priver,42.7
1766,immédiatement,42.64
1768,brume,42.57
1769,message,42.57
1772,coiffer,42.43
1774,millier,42.43
1775,tracer,42.36
1777,désordre,42.23
1778,coupe,42.23
1780,miracle,42.16
1781,rougir,42.09
1782,ôter,42.03
1783,chant,42.03
1784,percer,42.03
1786,auteur,41.89
1787,période,41.89
1788,certitude,41.89
1789,centaine,41.82
1790,foncer,41.82
1791,lutte,41.82
1792,cage,41.82
1793,vision,41.82
1797,carreau,41.69
1799,total,41.62
1800,auparavant,41.62
1801,revanche,41.62
1802,trahir,41.55
1803,comptoir,41.55
1804,chasseur,41.55
1805,planche,41.55
1807,filet,41.49
1808,baigner,41.42
1810,régulier,41.35
1812,métro,41.35
1813,imiter,41.35
1815,charge,41.28
1817,aspect,41.28
1818,chute,41.28
1820,satisfaction,41.22
1822,précéder,41.22
1824,hocher,41.15
1825,piste,41.15
1826,photographie,41.08
1827,percevoir,41.01
1828,réel,40.95
1829,transporter,40.88
1830,refaire,40.81
1831,bibliothèque,40.74
1832,sienne,40.68
1835,secours,40.47
1839,roux,40.41
1842,merveilleux,40.34
1843,vérifier,40.27
1844,étirer,40.27
1845,glacé,40.27
1846,siffler,40.2
1847,décrire,40.2
1848,promesse,40.2
1849,net,40.2
1851,participer,40.07
1852,demande,40.07
1853,prisonnier,40.0
1854,regret,40.0
1855,entièrement,39.93
1856,accuser,39.93
1857,évidence,39.93
1858,habituel,39.93
1859,drame,39.93
1860,goûter,39.86
1861,don,39.86
1867,fixe,39.53
1868,rocher,39.53
1869,renverser,39.46
1871,dérouler,39.46
1872,dedans,39.46
1874,rattraper,39.39
1876,raide,39.39
1877,égal,39.32
1878,suspendre,39.32
1879,emparer,39.26
1882,précieux,39.19
1883,sécurité,39.12
1885,directement,39.12
1886,heurter,39.05
1888,mouiller,38.92
1889,activité,38.92
1893,onze,38.85
1898,masque,38.65
1899,interminable,38.65
1900,chapitre,38.65
1901,redouter,38.58
1902,noyer,38.58
1904,protester,38.58
1907,gratter,38.51
1908,pointer,38.51
1909,aveugle,38.51
1910,directeur,38.45
1911,défaut,38.45
1915,tordre,38.38
1916,résultat,38.38
1917,lien,38.38
1919,entreprise,38.31
1921,fondre,38.18
1922,exposer,38.18
1923,consacrer,38.18
1924,huile,38.18
1925,satisfaire,38.11
1927,talent,38.11
1928,adieu,38.04
1929,manifester,38.04
1930,prise,38.04
1931,soupe,38.04
1932,troubler,37.97
1933,rumeur,37.97
1934,fonction,37.91
1935,virer,37.84
1936,situer,37.84
1938,exécuter,37.77
1939,génération,37.77
1940,avertir,37.7
1941,marque,37.7
1942,estimer,37.64
1943,dévorer,37.64
1944,tailler,37.64
1945,rat,37.64
1948,probablement,37.64
1949,redevenir,37.57
1950,soumettre,37.57
1952,enfuir,37.57
1954,douloureux,37.5
1958,luire,37.43
1960,samedi,37.43
1961,langage,37.36
1962,volant,37.3
1964,ouvrage,37.3
1965,central,37.23
1966,manque,37.23
1970,nocturne,37.16
1971,craquer,37.16
1972,commettre,37.16
1974,intelligence,37.16
1975,tiroir,37.09
1976,bel,37.09
1977,lame,37.09
1979,laine,37.03
1980,facilement,37.03
1982,attaque,37.03
1983,délicat,37.03
1984,résoudre,36.96
1986,gémir,36.89
1988,perspective,36.76
1989,atmosphère,36.69
1991,tronc,36.62
1992,particulièrement,36.62
1993,sentier,36.62
1994,persuader,36.55
1995,information,36.55
1999,reprise,36.42
2000,changement,36.42
2001,paisible,36.42
2002,combattre,36.35
2003,écriture,36.35
2005,pote,36.35
2006,perte,36.28
2007,chéri,36.28
2008,infirmier,36.28
2009,octobre,36.28
2010,brûlant,36.28
2011,consulter,36.22
2012,carrière,36.15
2013,chevalier,36.15
2014,mien,36.08
2016,approuver,36.08
2017,sien,36.08
2018,grand-chose,36.08
2019,instrument,36.08
2020,cuivre,36.08
2022,gant,36.01
2023,agréable,36.01
2024,précaution,36.01
2025,grain,35.95
2026,réaliser,35.95
2029,modèle,35.95
2032,soupir,35.95
2034,cruel,35.88
2035,velours,35.88
2036,fantôme,35.88
2038,électrique,35.81
2039,nerveux,35.81
2041,attentif,35.74
2043,intelligent,35.68
2044,ordonner,35.68
2046,soulier,35.68
2048,enthousiasme,35.61
2050,fidèle,35.61
2051,visiteur,35.54
2052,soif,35.54
2053,paume,35.47
2055,toutefois,35.47
2056,bondir,35.41
2057,veine,35.41
2058,orage,35.41
2059,mensonge,35.41
2060,intervenir,35.34
2061,brusque,35.34
2063,pouce,35.34
2064,brutal,35.34
2065,digne,35.27
2066,instinct,35.27
2067,danse,35.27
2068,brouillard,35.2
2069,ceinture,35.2
2073,nul,35.07
2075,cabine,35.07
2076,prolonger,35.0
2077,éclair,35.0
2078,destiner,35.0
2080,apaiser,35.0
2081,las,35.0
2082,plante,35.0
2083,conseiller,34.93
2085,tombe,34.86
2086,conséquence,34.86
2087,chocolat,34.86
2088,précisément,34.8
2089,moine,34.73
2092,fonder,34.66
2093,intime,34.66
2094,tissu,34.66
2095,trésor,34.66
2096,soupçonner,34.59
2097,cloche,34.59
2099,profondément,34.59
2100,muscle,34.53
2101,écart,34.53
2102,moral,34.53
2104,bousculer,34.46
2105,supplier,34.46
2106,tarder,34.46
2108,border,34.46
2109,consentir,34.46
2111,chuchoter,34.39
2112,débarquer,34.39
2113,formule,34.39
2114,soigneusement,34.39
2115,placard,34.39
2116,équipe,34.32
2117,longer,34.32
2118,formidable,34.32
2120,canne,34.32
2122,cogner,34.26
2123,fuite,34.26
2125,repasser,34.19
2126,cavalier,34.19
2127,tasse,34.12
2128,cravate,34.12
2129,méchant,34.05
2131,matinée,34.05
2132,vitrine,33.99
2134,excellent,33.92
2135,fureur,33.92
2138,rigoler,33.85
2139,portée,33.85
2140,animer,33.78
2141,pourvoir,33.78
2143,impatience,33.78
2144,succéder,33.78
2146,oreiller,33.72
2147,villa,33.72
2148,échec,33.72
2152,respecter,33.58
2153,évident,33.58
2154,patience,33.58
2155,lisse,33.58
2156,célèbre,33.58
2160,déboucher,33.45
2163,merveille,33.31
2164,idiot,33.24
2166,assurance,33.24
2168,replier,33.18
2169,panier,33.18
2171,aborder,33.18
2173,figer,33.18
2174,épuiser,33.11
2175,chiffre,33.11
2181,discret,33.04
2182,vase,32.97
2184,niveau,32.91
2185,couche,32.91
2186,ménage,32.91
2187,démarche,32.91
2190,enveloppe,32.84
2192,paire,32.84
2193,lac,32.84
2194,projeter,32.77
2198,sucre,32.77
2199,propriétaire,32.77
2200,joindre,32.7
2202,découper,32.7
2203,utile,32.7
2205,admiration,32.7
2207,envisager,32.64
2208,défiler,32.64
2209,profondeur,32.64
2214,blessure,32.57
2215,pré,32.5
2216,nouer,32.5
2218,proie,32.5
2219,échange,32.43
2220,lapin,32.43
2221,index,32.43
2222,pile,32.43
2224,séance,32.36
2225,hanche,32.36
2226,endormi,32.3
2227,quant,32.3
2230,vu,32.23
2232,tremper,32.16
2234,avantage,32.16
2236,gâteau,32.16
2238,semblant,32.09
2239,collègue,32.09
2240,aigu,32.09
2242,gardien,31.96
2246,résonner,31.96
2247,racine,31.96
2249,intact,31.89
2250,récupérer,31.82
2251,respiration,31.82
2252,carnet,31.82
2254,poule,31.82
2258,modeste,31.69
2261,déborder,31.62
2263,faveur,31.62
2264,murmure,31.62
2265,faiblesse,31.62
2267,rarement,31.62
2268,noble,31.62
2269,admirable,31.55
2270,brique,31.55
2272,grimace,31.49
2273,phare,31.49
2274,grogner,31.42
2276,seize,31.42
2279,mars,31.42
2280,basculer,31.35
2281,consister,31.35
2282,emprunter,31.28
2284,populaire,31.28
2285,tempête,31.28
2289,spécial,31.22
2291,décembre,31.22
2292,délivrer,31.15
2293,plancher,31.15
2294,repérer,31.15
2295,orner,31.15
2297,motif,31.15
2300,allusion,31.15
2302,mélange,31.01
2305,estomac,30.95
2306,cérémonie,30.95
2307,absurde,30.95
2309,outil,30.88
2310,foyer,30.88
2311,banque,30.88
2312,banquette,30.88
2313,cerveau,30.88
2314,fréquenter,30.81
2315,décidément,30.81
2316,bombe,30.81
2318,transparent,30.81
2319,âgé,30.74
2320,agacer,30.68
2321,élevé,30.68
2322,imbécile,30.68
2323,reproche,30.68
2325,réaction,30.68
2327,ricaner,30.61
2328,visible,30.61
2329,coincer,30.61
2331,occupation,30.61
2332,janvier,30.61
2334,comporter,30.54
2338,nerf,30.47
2339,prénom,30.47
2340,ruelle,30.47
2342,décrocher,30.41
2343,crisper,30.41
2344,encombrer,30.41
2345,étudier,30.41
2346,pêche,30.41
2349,tablier,30.34
2350,ambition,30.34
2353,immobiliser,30.27
2354,guérir,30.27
2355,assis,30.27
2356,poudre,30.27
2357,instruction,30.27
2359,émerger,30.2
2360,piège,30.2
2361,duquel,30.2
2363,dégoût,30.14
2364,indifférent,30.14
2368,amer,30.07
2369,étonnant,30.0
2370,paroi,30.0
2371,hé,30.0
2374,fierté,29.93
2375,incident,29.93
2376,envoler,29.86
2377,effrayer,29.86
2378,minuit,29.86
2379,bougie,29.86
2381,extérieur,29.86
2382,adopter,29.86
2384,vivement,29.86
2386,palier,29.8
2387,bonhomme,29.8
2389,absent,29.8
2393,sévère,29.73
2395,énergie,29.66
2398,encre,29.53
2399,découverte,29.53
2402,innombrable,29.53
2403,apparemment,29.53
2406,apprêter,29.46
2407,habitant,29.46
2408,cabane,29.46
2409,tempe,29.46
2411,dessous,29.46
2413,attarder,29.39
2415,démarrer,29.32
2416,coffre,29.32
2417,ficher,29.32
2420,aimable,29.26
2422,triomphe,29.19
2426,emploi,29.19
2427,soulager,29.12
2429,sanglot,29.12
2431,entasser,29.05
2432,concierge,29.05
2433,essentiel,29.05
2435,monnaie,28.99
2436,four,28.99
2437,connu,28.92
2438,élégant,28.85
2439,aspirer,28.85
2440,cendre,28.85
2441,quelconque,28.85
2442,fasciner,28.78
2443,océan,28.78
2444,responsabilité,28.72
2447,délicieux,28.65
2448,gaz,28.65
2450,intéressant,28.65
2452,fendre,28.58
2453,enterrer,28.58
2454,réveil,28.58
2455,réciter,28.51
2456,luisant,28.51
2458,culture,28.51
2460,armer,28.45
2461,longueur,28.45
2463,redescendre,28.38
2464,bêtise,28.38
2465,grandeur,28.38
2467,musée,28.38
2470,baron,28.24
2471,étoffe,28.24
2472,franchement,28.24
2473,pénombre,28.24
2474,honnête,28.24
2477,sursauter,28.11
2478,nettoyer,28.11
2483,procurer,27.97
2484,ordinaire,27.97
2486,beurre,27.97
2487,ravir,27.91
2488,envers,27.91
2490,centimètre,27.84
2491,volume,27.84
2492,survivre,27.77
2493,distraire,27.77
2495,ouest,27.77
2498,régulièrement,27.77
2500,magnifique,27.7
2501,plaquer,27.7
2502,bouquin,27.7
2507,possession,27.64
2508,confirmer,27.57
2509,encourager,27.57
2510,viser,27.57
2514,poupée,27.57
2515,signaler,27.5
2516,voyager,27.5
2518,stupide,27.5
2521,habit,27.5
2522,aviser,27.5
2523,environ,27.43
2524,plaisanter,27.43
2528,légende,27.43
2529,exercice,27.36
2533,gaieté,27.36
2534,espérance,27.36
2536,sonore,27.3
2537,comble,27.3
2539,dérober,27.23
2541,créature,27.23
2542,éducation,27.23
2543,examen,27.16
2544,mousse,27.16
2545,invité,27.16
2549,terreur,27.09
2550,voûte,27.09
2551,citer,27.09
2552,buisson,27.09
2553,extrémité,27.09
2554,refus,27.03
2555,bouleverser,27.03
2558,solitaire,26.96
2559,coupé,26.96
2560,bec,26.96
2561,fromage,26.96
2562,monstre,26.96
2564,pardon,26.89
2565,marée,26.89
2568,collège,26.82
2569,laid,26.82
2570,tranquillement,26.82
2571,conduite,26.76
2572,enfouir,26.76
2573,appétit,26.76
2574,vapeur,26.76
2575,hall,26.76
2576,largement,26.76
2577,plainte,26.69
2578,aligner,26.69
2579,ouverture,26.69
2581,panneau,26.69
2583,soucier,26.62
2584,cauchemar,26.62
2585,écouler,26.62
2586,pavé,26.62
2595,communiquer,26.49
2596,programme,26.49
2597,plaisanterie,26.49
2598,administration,26.42
2601,débattre,26.42
2606,crépuscule,26.35
2607,bouffée,26.35
2608,violet,26.28
2609,sapin,26.28
2611,auxquels,26.28
2612,déshabiller,26.22
2619,exprès,26.22
2622,dommage,26.15
2623,sympathie,26.15
2627,revêtir,26.08
2631,haie,26.08
2632,empoigner,26.01
2634,pan,26.01
2636,comparer,26.01
2637,épargner,25.95
2638,vaisselle,25.95
2639,matelas,25.95
2641,magique,25.88
2642,représentant,25.88
2643,sinistre,25.88
2646,narine,25.81
2647,relire,25.81
2648,cueillir,25.81
2649,circuler,25.81
2650,lecteur,25.81
2651,thomas,25.81
2653,glacer,25.74
2654,insupportable,25.74
2655,effondrer,25.74
2656,bond,25.74
2657,ardeur,25.74
2660,témoigner,25.68
2661,vaincre,25.68
2663,collection,25.68
2666,explosion,25.68
2669,réjouir,25.61
2672,panique,25.61
2673,file,25.54
2675,distribuer,25.54
2676,troupeau,25.54
2680,horrible,25.47
2681,semer,25.41
2682,frôler,25.41
2683,approche,25.41
2685,suggérer,25.34
2686,retentir,25.34
2688,épaisseur,25.34
2689,poulet,25.34
2691,réfugier,25.2
2695,épée,25.2
2698,réparer,25.14
2699,malaise,25.14
2703,adversaire,25.14
2704,bol,25.14
2705,timide,25.14
2707,hésitation,25.14
2708,couvert,25.14
2713,flèche,25.0
2715,revers,25.0
2718,accroupir,24.93
2719,évanouir,24.93
2721,divin,24.93
2723,international,24.86
2725,méthode,24.86
2730,trancher,24.73
2737,uniquement,24.66
2739,immédiat,24.59
2740,pratiquer,24.59
2742,outre,24.59
2743,charbon,24.59
2747,vibrer,24.53
2748,bâtir,24.53
2749,confidence,24.53
2751,venger,24.46
2754,crème,24.46
2756,lundi,24.46
2759,courrier,24.46
2761,fonctionner,24.39
2762,transmettre,24.39
2765,grenier,24.39
2766,bagage,24.39
2768,lasser,24.32
2769,liste,24.32
2772,télévision,24.32
2773,impressionner,24.26
2775,frémir,24.26
2776,encadrer,24.26
2783,teint,24.26
2785,bavarder,24.19
2790,jaloux,24.19
2792,brouiller,24.12
2793,précédent,24.12
2796,garage,24.12
2797,hâter,24.05
2798,flatter,24.05
2799,exploser,24.05
2801,seau,24.05
2802,stupeur,24.05
2803,produit,23.99
2806,flaque,23.99
2807,visiblement,23.99
2810,perle,23.85
2811,superbe,23.85
2812,tournée,23.85
2815,métallique,23.78
2816,accès,23.78
2817,feuillage,23.72
2818,énerver,23.72
2820,généreux,23.72
2822,désastre,23.72
2825,pincer,23.65
2829,nier,23.58
2830,mâchoire,23.58
2831,coupable,23.58
2833,soupçon,23.58
2834,fourrer,23.58
2835,chêne,23.51
2836,élégance,23.51
2838,définitivement,23.51
2839,excuse,23.51
2843,raisonnable,23.51
2844,jeudi,23.51
2846,boucler,23.45
2847,réagir,23.45
2849,récent,23.45
2851,légume,23.45
2852,fatal,23.38
2854,disparition,23.38
2856,vomir,23.31
2857,écran,23.31
2858,agenouiller,23.31
2862,vanter,23.24
2863,descente,23.24
2866,tousser,23.18
2867,redoutable,23.18
2868,demi-heure,23.18
2869,innocent,23.11
2870,bloquer,23.11
2872,lécher,23.11
2874,signal,23.11
2875,brutalement,23.11
2876,urgence,23.11
2877,enseigner,23.04
2878,haleine,23.04
2879,amical,23.04
2880,jus,23.04
2881,misérable,22.97
2883,portail,22.97
2884,fillette,22.97
2885,renseignement,22.91
2886,déclencher,22.91
2890,multiplier,22.91
2892,barrière,22.91
2893,géant,22.91
2894,chaussette,22.84
2895,dépêcher,22.84
2898,guide,22.84
2900,cassé,22.84
2901,doubler,22.84
2905,machinalement,22.77
2906,reconnaissance,22.77
2907,égarer,22.77
2908,insecte,22.7
2910,voleur,22.7
2911,rater,22.7
2912,blague,22.7
2913,issue,22.7
2914,soixante,22.7
2915,coussin,22.7
2916,acharner,22.64
2918,incroyable,22.64
2919,plomb,22.64
2923,souris,22.57
2924,intense,22.57
2925,grossier,22.57
2928,lenteur,22.5
2932,tragique,22.5
2934,réputation,22.5
2935,février,22.5
2936,affronter,22.43
2937,enchanter,22.43
2938,rechercher,22.43
2940,parquet,22.43
2941,incendie,22.43
2942,hisser,22.36
2944,rétablir,22.36
2948,massif,22.3
2949,refléter,22.23
2950,séduire,22.23
2953,esclave,22.23
2954,bonsoir,22.23
2960,réchauffer,22.16
2962,rédiger,22.16
2963,transport,22.16
2964,totalement,22.16
2965,cheville,22.16
2967,brandir,22.09
2969,disputer,22.09
2970,étrangler,22.09
2972,auxquelles,22.09
2974,quatorze,22.09
2980,fâcher,21.96
2981,semelle,21.96
2984,chou,21.96
2986,attribuer,21.89
2987,pourrir,21.89
2991,saigner,21.82
2993,tranche,21.82
2995,responsable,21.82
2997,défaite,21.82
2999,indispensable,21.76
3003,pression,21.76
3004,sérieusement,21.76
3006,informer,21.69
3008,décevoir,21.69
3009,frisson,21.69
3010,spectateur,21.69
3012,puits,21.69
3013,gigantesque,21.69
3015,naïf,21.62
3019,pointu,21.62
3021,poumon,21.55
3027,morale,21.49
3030,développer,21.42
3031,club,21.42
3032,ballon,21.42
3033,dérisoire,21.42
3034,fourrure,21.42
3035,singulier,21.42
3036,recommander,21.35
3037,passe,21.35
3038,buffet,21.35
3040,agitation,21.35
3043,enquête,21.28
3047,remarque,21.28
3048,sursaut,21.28
3049,boucher,21.22
3052,enterrement,21.22
3053,soulagement,21.22
3054,flanquer,21.22
3060,aérien,21.15
3063,tremblant,21.08
3064,armé,21.08
3065,serpent,21.08
3067,malheureusement,21.08
3071,contrôler,21.01
3078,jet,20.95
3079,hurlement,20.95
3081,considérable,20.95
3082,treize,20.95
3084,incertain,20.95
3087,tendance,20.88
3088,muraille,20.88
3089,monstrueux,20.88
3091,autoriser,20.88
3094,débrouiller,20.81
3095,ruer,20.81
3097,sport,20.81
3099,nuance,20.81
3101,émerveiller,20.81
3102,rampe,20.81
3104,commentaire,20.81
3107,rempli,20.74
3110,falaise,20.68
3111,conclusion,20.68
3112,actuel,20.68
3117,déplaire,20.61
3118,tuyau,20.61
3119,confusion,20.61
3121,propriété,20.61
3125,guise,20.61
3126,piétiner,20.61
3137,rangée,20.47
3140,prudent,20.41
3141,tremblement,20.41
3142,cuire,20.41
3144,frissonner,20.34
3145,assassin,20.34
3147,résigner,20.34
3152,tournant,20.34
3153,nettement,20.34
3154,élancer,20.27
3157,gorgée,20.27
3161,hôte,20.2
3163,décorer,20.2
3164,notamment,20.2
3165,prof,20.2
3166,malin,20.2
3167,punir,20.14
3168,éclatant,20.14
3172,mortel,20.07
3174,exceptionnel,20.07
3175,prudence,20.07
3176,chanteur,20.07
3178,rôder,20.07
3179,papillon,20.07
3181,suffisamment,20.07
3182,innocence,20.0
3184,illuminer,20.0
3185,collier,20.0
3187,sanglant,20.0
3188,arrivé,20.0
3192,pose,19.93
3193,ruse,19.93
3194,poêle,19.93
3197,affiche,19.86
3199,joueur,19.86
3200,parfaire,19.86
3202,bonté,19.8
3207,décoller,19.73
3208,orchestre,19.73
3210,arroser,19.73
3212,témoignage,19.73
3214,intriguer,19.73
3217,solennel,19.66
3218,exaspérer,19.66
3224,contrôle,19.66
3227,contourner,19.59
3229,orange,19.59
3230,dissiper,19.59
3231,brosse,19.59
3233,entrouvrir,19.59
3235,grincer,19.53
3236,barreau,19.53
3238,tentative,19.53
3241,clin,19.46
3243,déplier,19.46
3244,rouiller,19.46
3248,correspondre,19.46
3249,corne,19.46
3251,audace,19.46
3252,rafale,19.46
3253,flacon,19.46
3254,renouveler,19.39
3255,ramper,19.39
3258,tonnerre,19.39
3259,pelouse,19.39
3261,désagréable,19.39
3263,durée,19.39
3264,amertume,19.39
3266,imaginaire,19.32
3267,sombrer,19.32
3272,élargir,19.32
3275,inscription,19.32
3280,afficher,19.26
3284,bronze,19.26
3286,serrure,19.26
3287,laisse,19.26
3289,violer,19.19
3290,rouleau,19.19
3291,tasser,19.19
3294,triompher,19.19
3297,liquide,19.19
3300,ruisseler,19.12
3304,permission,19.12
3305,corbeille,19.12
3306,coq,19.12
3311,dénoncer,19.05
3312,abord,19.05
3315,vendredi,19.05
3318,mérite,18.99
3319,successif,18.99
3321,insolite,18.99
3322,suffisant,18.99
3325,chiffon,18.99
3327,exclamer,18.99
3329,concentrer,18.92
3331,préoccuper,18.92
3333,chevet,18.92
3334,mont,18.92
3340,amusant,18.85
3341,compliquer,18.85
3343,disperser,18.85
3345,rauque,18.85
3346,délai,18.85
3347,cligner,18.85
3358,commande,18.72
3364,rebord,18.65
3365,sain,18.65
3366,vendeur,18.65
3370,engouffrer,18.58
3371,bonnet,18.58
3372,douzaine,18.58
3379,gâcher,18.51
3380,épisode,18.51
3382,bâiller,18.51
3383,domestique,18.51
3384,cristal,18.51
3385,rouvrir,18.45
3386,humble,18.45
3390,graver,18.38
3394,tabouret,18.38
3396,brûlé,18.31
3399,fouet,18.31
3400,sonnerie,18.31
3402,glorieux,18.31
3407,robinet,18.24
3411,lisière,18.24
3412,ronfler,18.24
3413,zéro,18.24
3415,perron,18.24
3416,épingle,18.24
3417,historique,18.24
3421,fracas,18.18
3422,argument,18.18
3423,clairement,18.18
3424,courbe,18.11
3428,garer,18.04
3430,savon,18.04
3431,inspiration,18.04
3432,abaisser,18.04
3434,provision,18.04
3435,applaudir,17.97
3436,accélérer,17.97
3439,incompréhensible,17.97
3442,ours,17.91
3443,éteint,17.91
3444,répliquer,17.91
3445,sifflet,17.91
3449,araignée,17.84
3450,renforcer,17.84
3456,serviteur,17.77
3457,caler,17.77
3458,tourbillon,17.77
3459,clairière,17.77
3461,jumeau,17.77
3462,moche,17.77
3465,privilège,17.7
3466,balai,17.7
3467,imprégner,17.7
3469,mauve,17.64
3471,éclairé,17.64
3472,conquérir,17.64
3474,photographe,17.64
3476,protection,17.64
3479,dégoûter,17.57
3480,pyjama,17.57
3481,maudit,17.5
3482,passionner,17.5
3483,ministère,17.5
3486,gentillesse,17.5
3487,fabuleux,17.5
3488,atroce,17.43
3489,désespérer,17.43
3490,composition,17.43
3492,infiniment,17.43
3498,fouetter,17.36
3501,quasi,17.36
3504,faufiler,17.3
3505,faculté,17.3
3512,fût,17.3
3514,assommer,17.23
3516,indigner,17.23
3518,émettre,17.23
3520,croisé,17.23
3521,habillé,17.23
3527,miette,17.16
3529,règlement,17.16
3534,gravité,17.16
3535,commode,17.16
3537,silencieusement,17.16
3542,usé,17.09
3543,saut,17.03
3545,pneu,17.03
3546,sabre,17.03
3552,comportement,17.03
3556,plastique,16.96
3557,cachette,16.96
3562,achat,16.96
3565,urgent,16.96
3567,rez-de-chaussée,16.96
3569,adosser,16.89
3571,sournois,16.89
3572,lavabo,16.89
3576,enrouler,16.89
3577,faiblement,16.89
3578,estime,16.89
3581,esquisser,16.82
3582,bruyant,16.82
3584,gêné,16.82
3585,déception,16.82
3589,rasoir,16.82
3590,lanterne,16.82
3592,réplique,16.82
3595,suspect,16.82
3596,contenu,16.82
3599,dévaler,16.76
3600,impatient,16.76
3601,humour,16.76
3602,postal,16.76
3605,gémissement,16.76
3608,excitation,16.69
3609,injure,16.69
3610,menaçant,16.69
3611,pratique,16.69
3615,étagère,16.69
3621,poli,16.69
3622,touffe,16.69
3623,annonce,16.62
3624,soucieux,16.62
3632,tapoter,16.55
3633,planer,16.55
3636,cap,16.55
3638,caoutchouc,16.55
3639,poussiéreux,16.55
3642,bulle,16.55
3643,tacher,16.49
3650,plisser,16.49
3651,horloge,16.49
3658,brisé,16.42
3660,étreinte,16.42
3661,volée,16.42
3663,baptiser,16.35
3664,funèbre,16.35
3669,idéal,16.35
3671,désespéré,16.35
3673,néanmoins,16.35
3675,diminuer,16.28
3677,tourmenter,16.28
3678,ironique,16.28
3680,secousse,16.28
3682,reconstituer,16.28
3684,contour,16.28
3685,touche,16.28
3690,parapluie,16.28
3692,harmonie,16.22
3696,avide,16.22
3698,assistant,16.22
3699,rail,16.22
3700,féroce,16.22
3701,proprement,16.22
3703,agrandir,16.15
3705,écume,16.15
3706,accentuer,16.15
3707,flou,16.15
3709,pilier,16.15
3710,terne,16.15
3712,demi-tour,16.08
3713,corriger,16.08
3714,lâche,16.08
3715,musicien,16.08
3717,bac,16.08
3718,médaille,16.08
3719,dit,16.08
3720,fêter,16.01
3723,intervention,16.01
3724,gifle,16.01
3733,moquette,15.95
3751,froncer,15.88
3756,gracieux,15.81
3757,empiler,15.81
3758,consigne,15.81
3759,maximum,15.81
3761,cervelle,15.81
3766,crochet,15.81
3774,quatrième,15.74
3779,fermeture,15.74
3788,supplémentaire,15.68
3791,fente,15.61
3792,dessécher,15.61
3795,parier,15.61
3798,recul,15.61
3803,montée,15.61
3804,exploit,15.61
3806,vacarme,15.61
3807,vigueur,15.61
3813,scruter,15.54
3814,satisfait,15.54
3824,oignon,15.54
3825,sympathique,15.54
3826,décourager,15.47
3829,aveugler,15.47
3831,meurtre,15.47
3832,injuste,15.47
3833,monotone,15.47
3834,vingtaine,15.47
3835,poursuite,15.47
3836,choquer,15.41
3838,vertical,15.41
3840,cuit,15.41
3841,dépenser,15.41
3844,identique,15.41
3845,pétrole,15.41
3846,tôle,15.41
3847,confiture,15.41
3848,provenir,15.34
3853,rentrée,15.34
3855,rêveur,15.34
3860,recours,15.34
3862,assassiner,15.27
3867,efficace,15.27
3869,caché,15.27
3870,observation,15.27
3871,théorie,15.27
3875,hanter,15.2
3881,signature,15.2
3882,magie,15.2
3885,malle,15.14
3887,lustre,15.14
3890,dorer,15.14
3894,universel,15.14
3895,champion,15.07
3896,supprimer,15.07
3909,compliment,15.0
3910,bonbon,15.0
3911,partenaire,15.0
3912,code,15.0
3921,personnellement,14.93
3924,broder,14.86
3927,chantonner,14.86
3929,étrangement,14.86
3932,couronner,14.86
3934,humidité,14.86
3937,disparu,14.8
3938,tournoyer,14.8
3939,traversée,14.8
3941,permanent,14.8
3942,enjamber,14.8
3946,spécialement,14.8
3948,grondement,14.8
3949,stade,14.8
3960,fiche,14.73
3963,stupéfait,14.73
3964,claquement,14.73
3965,pince,14.73
3967,bribe,14.73
3968,m,14.73
3970,japonais,14.66
3975,publicité,14.66
3976,traitement,14.66
3977,sorcier,14.66
3979,lourdement,14.66
3982,conscient,14.59
3984,tunnel,14.59
3985,allumé,14.59
3990,case,14.53
3991,résumer,14.53
3997,terriblement,14.53
3998,s,14.53
3999,éponge,14.53
4000,inerte,14.53
4009,quête,14.53
4010,désoler,14.46
4011,incruster,14.46
4012,débiter,14.46
4015,tragédie,14.46
4016,porc,14.46
4020,proximité,14.46
4021,circulation,14.46
4024,compléter,14.39
4035,odieux,14.32
4042,machin,14.32
4044,gâter,14.26
4045,copie,14.26
4048,lambeau,14.26
4049,exemplaire,14.26
4055,tricot,14.19
4058,fourchette,14.19
4063,hop,14.19
4070,chariot,14.12
4071,scolaire,14.12
4072,conflit,14.12
4074,infliger,14.05
4076,enseigne,14.05
4077,notion,14.05
4079,affaler,14.05
4081,recroqueviller,14.05
4082,élémentaire,14.05
4083,relatif,14.05
4084,distraction,14.05
4086,technique,14.05
4087,fosse,14.05
4088,hérisser,13.99
4090,flamber,13.99
4091,paralyser,13.99
4097,volontaire,13.99
4100,éventail,13.99
4103,favori,13.99
4105,glacial,13.92
4109,écharpe,13.92
4111,ivrogne,13.92
4113,paternel,13.92
4114,griffe,13.92
4116,neveu,13.92
4118,bagarre,13.85
4120,embarrasser,13.85
4121,débris,13.85
4124,carcasse,13.85
4128,assombrir,13.78
4129,péril,13.78
4135,chouette,13.78
4136,sifflement,13.78
4140,phénomène,13.72
4142,multicolore,13.72
4147,ferraille,13.72
4148,sculpter,13.72
4151,marron,13.72
4152,comparaison,13.72
4157,hache,13.65
4168,compartiment,13.58
4177,buée,13.51
4181,correspondance,13.51
4182,cultiver,13.51
4188,marmonner,13.51
4191,cramponner,13.45
4192,relâcher,13.45
4195,craquement,13.45
4198,baguette,13.45
4200,entrailles,13.45
4201,protestation,13.45
4202,héritier,13.45
4206,trentaine,13.45
4207,affairer,13.38
4212,déchiré,13.38
4213,supplice,13.38
4214,taureau,13.38
4215,torpeur,13.38
4216,gouffre,13.38
4220,recette,13.38
4221,exhiber,13.31
4224,tituber,13.31
4225,galoper,13.31
4226,porteur,13.31
4232,ennuyeux,13.31
4234,éblouissant,13.24
4236,remarquable,13.24
4237,tennis,13.24
4242,extraire,13.24
4245,intensité,13.24
4247,traînée,13.24
4248,passager,13.24
4250,mouvant,13.18
4252,déchaîner,13.18
4255,éclaircir,13.18
4257,étincelant,13.18
4258,bourse,13.18
4259,douer,13.18
4261,carrelage,13.18
4264,éventuel,13.18
4266,osciller,13.11
4270,alerte,13.11
4271,pâtisserie,13.11
4273,tumulte,13.11
4276,difficilement,13.04
4279,souterrain,13.04
4280,renaître,13.04
4283,poteau,13.04
4286,mare,13.04
4289,grisâtre,13.04
4290,articuler,12.97
4293,accéder,12.97
4297,champignon,12.97
4298,cuvette,12.97
4299,anniversaire,12.97
4301,partisan,12.97
4305,étincelle,12.97
4311,racheter,12.91
4313,saleté,12.91
4314,effroi,12.91
4315,empresser,12.91
4317,virage,12.91
4322,teinte,12.91
4324,submerger,12.91
4325,bordure,12.91
4327,masser,12.84
4330,vaciller,12.84
4332,battant,12.84
4333,olivier,12.84
4340,librement,12.84
4342,montant,12.84
4348,chignon,12.77
4349,aimé,12.77
4351,triomphant,12.77
4354,décharge,12.77
4371,emplacement,12.7
4382,communauté,12.64
4386,trébucher,12.64
4389,permanence,12.64
4391,mercredi,12.64
4393,aventurer,12.57
4397,allongé,12.57
4404,médicament,12.57
4405,aménager,12.57
4406,bosse,12.57
4407,dessert,12.57
4408,chandelle,12.57
4409,tapisserie,12.57
4413,froisser,12.5
4416,brûlure,12.5
4421,pleur,12.5
4423,farce,12.5
4424,mis,12.5
4426,désolé,12.43
4428,déformer,12.43
4430,conséquent,12.43
4437,vestiaire,12.43
4439,acquiescer,12.43
4444,dispute,12.43
4447,normalement,12.43
4449,objectif,12.43
4450,imprévisible,12.43
4453,épine,12.43
4454,scintiller,12.36
4455,baver,12.36
4461,sensibilité,12.36
4463,dortoir,12.36
4467,peiner,12.36
4475,défier,12.3
4477,contracter,12.3
4482,grappe,12.3
4488,blanchir,12.23
4490,poison,12.23
4491,rédaction,12.23
4492,cicatrice,12.23
4493,dragon,12.23
4500,réapparaître,12.23
4501,démonstration,12.23
4503,surveillance,12.23
4504,braise,12.23
4506,épave,12.23
4510,repenser,12.16
4512,cantine,12.16
4517,tonneau,12.16
4518,évier,12.16
4524,déverser,12.09
4526,radieux,12.09
4530,hésitant,12.09
4538,vainement,12.09
4540,onduler,12.03
4542,verrou,12.03
4545,couver,12.03
4546,fichu,12.03
4547,frêle,12.03
4548,bah,12.03
4552,courageux,11.96
4558,torche,11.96
4560,tombeau,11.96
4563,cliché,11.96
4565,renard,11.96
4566,déterminer,11.96
4579,orienter,11.89
4580,égaré,11.89
4582,pause,11.89
4583,quinzaine,11.89
4584,susceptible,11.89
4587,allégresse,11.89
4591,ample,11.89
4592,cuillère,11.89
4593,aboyer,11.82
4597,battu,11.82
4598,tristement,11.82
4599,figé,11.82
4600,forger,11.82
4601,insensé,11.82
4602,sottise,11.82
4611,préoccupation,11.82
4614,attentivement,11.82
4618,roc,11.76
4622,tinter,11.76
4623,exclamation,11.76
4624,vexer,11.76
4626,haleter,11.76
4630,neutre,11.76
4633,évoluer,11.69
4635,cape,11.69
4637,dense,11.69
4643,squelette,11.69
4654,frayer,11.55
4656,chaleureux,11.55
4660,conception,11.55
4667,extase,11.55
4669,cascade,11.55
4670,générosité,11.55
4672,minable,11.55
4673,sèchement,11.55
4675,bouchée,11.49
4676,crisser,11.49
4679,description,11.49
4680,brise,11.49
4681,âcre,11.49
4683,affolé,11.49
4688,oblique,11.49
4696,affranchir,11.42
4697,indécis,11.42
4702,occupé,11.42
4703,bénéfice,11.42
4706,authentique,11.35
4710,suicider,11.35
4713,affût,11.35
4716,transparence,11.35
4718,raisonnement,11.35
4722,aigle,11.35
4724,fumant,11.35
4727,déserter,11.28
4728,syllabe,11.28
4730,estrade,11.28
4736,espion,11.28
4737,bêtement,11.28
4738,lard,11.28
4746,rayer,11.22
4748,métamorphose,11.22
4749,timidement,11.22
4757,abominable,11.22
4764,accroître,11.15
4774,cinquième,11.15
4777,boueux,11.15
4778,replonger,11.08
4779,resserrer,11.08
4783,coupure,11.08
4786,réprimer,11.08
4793,crasseux,11.01
4795,penché,11.01
4801,provocation,11.01
4804,préféré,11.01
4805,compris,11.01
4807,péniblement,11.01
4809,enfler,10.95
4818,émission,10.95
4821,verdure,10.95
4826,résidence,10.95
4827,artifice,10.95
4828,sur-le-champ,10.95
4831,desserrer,10.88
4832,téléphonique,10.88
4834,meurtrier,10.88
4835,fraction,10.88
4842,hautain,10.88
4851,étinceler,10.81
4856,perplexe,10.81
4861,étroitement,10.81
4864,citron,10.81
4865,chauve,10.81
4868,matinal,10.74
4871,cible,10.74
4876,transpirer,10.74
4885,rebondir,10.68
4894,détente,10.68
4897,enflammer,10.68
4905,déçu,10.61
4907,remporter,10.61
4908,serein,10.61
4921,arborer,10.61
4925,impatienter,10.54
4931,sous-sol,10.54
4932,souche,10.54
4937,vigoureux,10.54
4938,musical,10.54
4939,apprivoiser,10.54
4943,bruyamment,10.54
4945,colis,10.54
4947,argenté,10.54
4948,livide,10.54
4949,implacable,10.54
4951,ressemblance,10.54
4952,bus,10.54
4953,dix-neuf,10.54
4957,anxieux,10.47
4959,grenouille,10.47
4960,impasse,10.47
4962,dédaigner,10.47
4963,compact,10.47
4966,maudire,10.47
4967,inciter,10.47
4969,somnoler,10.47
4974,lande,10.47
4977,horizontal,10.47
4981,rafraîchir,10.41
4982,mythe,10.41
4986,arrestation,10.41
4988,noircir,10.41
4989,marteler,10.41
4990,vêtu,10.41
4992,contrairement,10.41
4996,lugubre,10.41
4998,laiteux,10.41
5010,enveloppé,10.34
5011,béant,10.34
5012,engourdir,10.34
5013,balance,10.34
5014,terrifiant,10.34
5016,rayonner,10.34
5017,tarte,10.34
5019,répugner,10.34
5032,antérieur,10.27
5036,tiédeur,10.27
5038,grignoter,10.27
5043,raisonner,10.27
5047,déchirant,10.27
5048,trafic,10.27
5056,jeton,10.27
5057,obstinément,10.27
5060,commune,10.27
5064,diffuser,10.2
5068,crépiter,10.2
5070,chaos,10.2
5073,éponger,10.2
5081,rival,10.2
5084,appréhension,10.2
5085,natte,10.2
5091,teinter,10.14
5095,distinction,10.14
5099,précipitamment,10.14
5100,splendide,10.14
5101,destination,10.14
5102,visière,10.14
5105,ricanement,10.14
5120,fermement,10.07
5121,découvert,10.07
5124,fraise,10.07
5129,dédain,10.07
5131,impeccable,10.07
5134,entrouvert,10.07
5144,sûreté,10.07
5145,autorisation,10.07
5153,poliment,10.0
5155,match,10.0
5156,dirigeant,10.0
5157,nausée,10.0
5171,confession,10.0
5173,solidement,10.0
5176,cinquantaine,9.93
5177,sandwich,9.93
5178,juron,9.93
5181,consumer,9.93
5182,gomme,9.93
5183,jaunâtre,9.93
5189,répartir,9.93
5191,pétard,9.93
5193,scier,9.86
5197,méprisant,9.86
5198,défait,9.86
5199,tic,9.86
5201,prudemment,9.86
5207,agité,9.86
5210,gourmand,9.86
5212,miss,9.86
5213,souplesse,9.86
5214,incrédule,9.86
5216,astiquer,9.8
5217,éclabousser,9.8
5224,haletant,9.8
5227,excéder,9.8
5235,vital,9.8
5239,approbation,9.8
5240,récompense,9.73
5245,évaluer,9.73
5247,fumé,9.73
5251,verdâtre,9.73
5253,dégât,9.73
5257,spécialité,9.73
5260,clameur,9.73
5262,bavardage,9.73
5264,circulaire,9.73
5266,fredonner,9.66
5274,continu,9.66
5277,bénéficier,9.66
5278,tortiller,9.66
5279,succomber,9.66
5284,docile,9.66
5293,maladroitement,9.59
5294,librairie,9.59
5304,grincement,9.59
5308,trempé,9.59
5310,manoir,9.59
5312,arpenter,9.53
5313,dru,9.53
5314,bourdonner,9.53
5315,végétation,9.53
5316,grognement,9.53
5320,intituler,9.53
5323,menthe,9.53
5324,soutien,9.53
5325,épouvantable,9.53
5329,orphelin,9.53
5338,avertissement,9.53
5339,épaissir,9.53
5340,rhabiller,9.53
5344,raisin,9.53
5351,indépendant,9.46
5352,punition,9.46
5354,retrousser,9.46
5363,malédiction,9.46
5371,apéritif,9.46
5372,rosée,9.46
5378,indice,9.39
5380,inspection,9.39
5384,pivoter,9.39
5386,atterrir,9.39
5399,advenir,9.39
5402,joncher,9.39
5405,joyeusement,9.39
5408,cingler,9.39
5412,amas,9.32
5415,osseux,9.32
5418,rajouter,9.32
5419,trombe,9.32
5421,fléchir,9.32
5434,crissement,9.32
5436,ponctuer,9.32
5444,ravager,9.26
5448,brocanteur,9.26
5449,fusée,9.26
5450,lamentable,9.26
5452,applaudissement,9.26
5453,détonation,9.26
5459,supériorité,9.26
5460,ranimer,9.19
5468,pitoyable,9.19
5471,réconforter,9.19
5472,sphère,9.19
5473,crapaud,9.19
5474,fondamental,9.19
5479,moqueur,9.12
5480,quiconque,9.12
5481,pouffer,9.12
5482,netteté,9.12
5484,châtiment,9.12
5494,alentour,9.12
5496,décret,9.12
5497,orteil,9.12
5498,cure,9.12
5500,poilu,9.05
5502,froidement,9.05
5506,pardessus,9.05
5515,guirlande,9.05
5516,louche,9.05
5530,bassine,8.99
5532,cheminer,8.99
5536,effroyable,8.99
5537,patauger,8.99
5539,exotique,8.99
5541,laideur,8.99
5547,nain,8.99
5550,tribune,8.99
5563,improviser,8.92
5567,fixement,8.92
5573,flocon,8.92
5575,bouillon,8.92
5576,éveillé,8.92
5589,olive,8.85
5590,cadet,8.85
5591,fâcheux,8.85
5592,ruminer,8.85
5593,écarquiller,8.85
5594,continue,8.85
5599,rouille,8.85
5612,corbeau,8.85
5623,dénicher,8.78
5635,abstenir,8.78
5638,saucisse,8.78
5639,paillasse,8.78
5640,lessive,8.78
5643,prodige,8.78
5644,roulette,8.78
5646,pantoufle,8.78
5649,morose,8.78
5657,volé,8.72
5665,physiquement,8.72
5675,améliorer,8.65
5677,bombarder,8.65
5679,saule,8.65
5682,voyant,8.65
5685,amplifier,8.65
5686,secondaire,8.65
5687,brut,8.65
5688,pull,8.65
5708,sillonner,8.58
5709,buté,8.58
5712,justesse,8.58
5718,vivacité,8.58
5720,répugnant,8.58
5724,crétin,8.58
5732,écarlate,8.58
5736,voter,8.51
5739,ravi,8.51
5740,complexe,8.51
5746,pou,8.51
5747,dupe,8.51
5750,pâtissier,8.51
5751,équipement,8.51
5754,extraordinairement,8.51
5758,for,8.51
5760,efficacité,8.51
5768,précipité,8.45
5769,frémissant,8.45
5775,préfet,8.45
5785,récompenser,8.38
5786,évanoui,8.38
5787,présentation,8.38
5792,aïe,8.38
5793,pétrifier,8.38
5794,toiser,8.38
5798,démesuré,8.38
5800,esquiver,8.38
5807,halo,8.38
5811,gratitude,8.38
5816,jaunir,8.31
5821,peste,8.31
5822,orbite,8.31
5824,rendormir,8.31
5830,fuyant,8.31
5831,labyrinthe,8.31
5847,fraîchement,8.31
5849,indistinct,8.24
5850,harceler,8.24
5851,expulser,8.24
5852,bruissement,8.24
5858,happer,8.24
5870,pêle-mêle,8.24
5873,esclaffer,8.24
5880,ballet,8.24
5883,accroupi,8.24
5891,capot,8.18
5893,manuel,8.18
5895,entraînement,8.18
5908,satisfaisant,8.18
5909,crépitement,8.18
5914,implorer,8.11
5915,boulet,8.11
5918,armure,8.11
5920,casier,8.11
5921,bouillant,8.11
5922,désarmer,8.11
5927,étouffé,8.11
5946,transpercer,8.11
5954,censé,8.11
5955,administrer,8.04
5963,cliquetis,8.04
5964,stupéfaction,8.04
5972,retenue,8.04
5974,candidat,8.04
5978,allier,7.97
5981,tripoter,7.97
5987,avidité,7.97
5992,ail,7.97
5994,théâtral,7.97
5998,griffonner,7.97
5999,sautiller,7.97
6011,fabrication,7.97
6014,déclic,7.97
6015,délit,7.97
6017,maussade,7.97
6020,épuisement,7.91
6025,strictement,7.91
6028,illustration,7.91
6030,anormal,7.91
6033,faussement,7.91
6035,répercuter,7.91
6040,hoquet,7.91
6043,essouffler,7.91
6045,bravo,7.91
6049,gamme,7.91
6050,suspension,7.91
6051,fracasser,7.84
6057,contredire,7.84
6064,menotte,7.84
6065,trouvaille,7.84
6067,exigeant,7.84
6072,froideur,7.84
6073,fulgurant,7.84
6080,démonter,7.77
6084,aisé,7.77
6090,émoi,7.77
6092,mélodie,7.77
6105,friser,7.7
6112,cadran,7.7
6114,enthousiaste,7.7
6117,enchantement,7.7
6118,ha,7.7
6119,habituellement,7.7
6120,maculer,7.7
6123,réussi,7.7
6132,ahuri,7.7
6134,préférable,7.7
6137,reporter,7.7
6149,trompe,7.64
6154,chantage,7.64
6157,prétendu,7.64
6160,nonchalant,7.64
6165,devanture,7.64
6170,mêlée,7.64
6173,illuminé,7.57
6174,cygne,7.57
6178,escorter,7.57
6182,instantanément,7.57
6183,aura,7.57
6189,rétrécir,7.57
6191,lord,7.57
6199,agacement,7.57
6201,sous-bois,7.57
6214,trottiner,7.5
6216,rugir,7.5
6220,désinvolte,7.5
6228,bocal,7.5
6229,légendaire,7.5
6244,critiquer,7.43
6249,traverse,7.43
6254,luxueux,7.43
6263,abrupt,7.43
6276,fibre,7.43
6277,suie,7.43
6278,infirmerie,7.43
6281,visqueux,7.43
6284,aiguiser,7.36
6287,parsemer,7.36
6288,imbiber,7.36
6297,préparatif,7.36
6298,panache,7.36
6302,loyal,7.36
6304,officiellement,7.36
6309,rayure,7.36
6315,nerveusement,7.36
6328,sceller,7.3
6332,intermédiaire,7.3
6336,strident,7.3
6338,scandaliser,7.3
6339,golf,7.3
6346,dandiner,7.3
6350,amusement,7.3
6351,furieusement,7.3
6355,draper,7.23
6357,voleter,7.23
6361,asperger,7.23
6376,sixième,7.23
6381,stratégie,7.23
6382,escargot,7.23
6384,bleuâtre,7.23
6386,fébrile,7.16
6387,bouclé,7.16
6389,débuter,7.16
6392,pare-brise,7.16
6394,attache,7.16
6396,embrasure,7.16
6400,couchant,7.16
6402,reportage,7.16
6406,ridé,7.16
6416,inexplicable,7.16
6418,utilité,7.09
6425,cachot,7.09
6434,déconcerter,7.09
6436,abattu,7.09
6452,chérir,7.03
6453,faiblir,7.03
6456,écorcher,7.03
6460,fabrique,7.03
6474,passionnant,7.03
6477,merveilleusement,7.03
6478,audacieux,7.03
6488,déchirure,7.03
6489,raideur,7.03
6493,altitude,6.96
6498,ouvertement,6.96
6500,successeur,6.96
6506,réglementaire,6.96
6512,repeindre,6.96
6513,soubresaut,6.96
6515,admiratif,6.96
6518,spectre,6.96
6519,bannière,6.96
6520,excité,6.96
6524,esclavage,6.96
6527,melon,6.96
6537,dansant,6.89
6544,brumeux,6.89
6551,flasque,6.89
6559,entêter,6.89
6560,violette,6.89
6581,épingler,6.82
6584,badaud,6.82
6585,tien,6.82
6588,embraser,6.82
6596,pourpre,6.82
6599,ruisselant,6.82
6604,pellicule,6.82
6613,man,6.82
6617,désolation,6.82
6620,interposer,6.76
6624,périlleux,6.76
6633,enjambée,6.76
6639,interdiction,6.76
6652,stop,6.76
6654,brouette,6.76
6671,restriction,6.69
6673,obscurcir,6.69
6683,heu,6.69
6687,projection,6.69
6692,réfléchi,6.69
6696,tactique,6.69
6698,noël,6.69
6703,activer,6.62
6713,apaisant,6.62
6716,serre,6.62
6719,quasiment,6.62
6720,as,6.62
6730,cantique,6.62
6733,chut,6.62
6739,carrer,6.55
6742,surnommer,6.55
6744,dédaigneux,6.55
6745,affubler,6.55
6746,moucher,6.55
6747,cabrer,6.55
6751,monté,6.55
6753,écossais,6.55
6754,ravissement,6.55
6757,carrosserie,6.55
6764,extravagant,6.55
6767,demi-douzaine,6.55
6771,brindille,6.55
6774,essentiellement,6.55
6782,désastreux,6.49
6787,complot,6.49
6789,enfourcher,6.49
6790,assourdissant,6.49
6800,prospectus,6.49
6811,sangler,6.49
6817,zoo,6.49
6821,trappe,6.49
6822,stupéfiant,6.49
6843,émeraude,6.42
6848,regrouper,6.42
6851,costaud,6.42
6871,ébloui,6.42
6876,encouragement,6.42
6879,virus,6.42
6885,trajectoire,6.42
6894,requérir,6.35
6896,offenser,6.35
6899,indigné,6.35
6902,meurtrir,6.35
6909,mi-chemin,6.35
6911,rictus,6.35
6915,limace,6.35
6923,loucher,6.35
6924,démentir,6.35
6926,moquerie,6.35
6930,conjurer,6.35
6936,précipitation,6.35
6940,narquois,6.35
6942,effilocher,6.35
6954,ternir,6.28
6960,frénétique,6.28
6961,nage,6.28
6968,immonde,6.28
6985,absurdité,6.28
6996,poignant,6.22
6999,forain,6.22
7010,rameau,6.22
7011,diversion,6.22
7016,culpabilité,6.22
7020,transformation,6.22
7022,soupçonneux,6.22
7027,convenablement,6.22
7033,spectaculaire,6.22
7037,regardant,6.15
7041,envoyé,6.15
7049,litière,6.15
7057,expert,6.15
7059,déshonorer,6.15
7061,méprendre,6.15
7064,goguenard,6.15
7065,paniquer,6.15
7073,coutumier,6.15
7075,aveuglant,6.15
7077,vis,6.15
7082,agression,6.15
7084,étendu,6.15
7096,emboîter,6.08
7098,bouillonner,6.08
7099,dégonfler,6.08
7109,sévèrement,6.08
7113,songeur,6.08
7115,survie,6.08
7116,rougeâtre,6.08
7124,amoncellement,6.08
7125,affamé,6.08
7131,hareng,6.08
7133,réconfortant,6.08
7135,correction,6.08
7137,manipuler,6.01
7150,indéfinissable,6.01
7156,abrutir,6.01
7161,fonctionnement,6.01
7164,tympan,6.01
7179,scintillant,6.01
7190,suinter,5.95
7198,duel,5.95
7200,record,5.95
7208,durable,5.95
7213,raviser,5.95
7220,demi-siècle,5.95
7229,assortir,5.95
7233,diabolique,5.95
7234,fusion,5.95
7237,aboiement,5.95
7238,réservoir,5.95
7241,angoisser,5.88
7243,entrebâiller,5.88
7247,véritablement,5.88
7253,tracasser,5.88
7258,aquarium,5.88
7259,dangereusement,5.88
7260,banquet,5.88
7265,traînant,5.88
7279,tourbillonner,5.88
7280,serpenter,5.88
7284,alternativement,5.88
7287,prélever,5.81
7289,réaliste,5.81
7291,bosquet,5.81
7292,illusoire,5.81
7297,dégoûté,5.81
7307,capturer,5.81
7312,sceptique,5.81
7316,cinglé,5.81
7319,cycle,5.81
7320,éventuellement,5.81
7327,chaudron,5.81
7338,parage,5.74
7359,klaxon,5.74
7376,perçant,5.74
7378,bougonner,5.74
7380,clochette,5.74
7387,égayer,5.68
7389,latéral,5.68
7390,chenille,5.68
7391,apeuré,5.68
7396,niais,5.68
7398,festin,5.68
7405,supermarché,5.68
7417,hochement,5.68
7424,haussement,5.68
7428,défoncé,5.68
7431,sentence,5.68
7435,froncé,5.61
7438,sinueux,5.61
7442,mordiller,5.61
7446,rigole,5.61
7455,glousser,5.61
7474,léguer,5.61
7476,hirsute,5.61
7481,ver,5.61
7487,convulsion,5.61
7488,rhume,5.61
7490,engourdi,5.61
7502,fascinant,5.54
7503,incliné,5.54
7505,trimestre,5.54
7508,tambouriner,5.54
7513,douloureusement,5.54
7515,hâtivement,5.54
7516,hoqueter,5.54
7518,peluche,5.54
7523,grippe,5.54
7526,voûter,5.54
7547,énergique,5.47
7554,accordéon,5.47
7557,démission,5.47
7560,parlant,5.47
7562,carafe,5.47
7568,lilas,5.47
7569,consigner,5.47
7574,grandissant,5.47
7575,catégorique,5.47
7577,annuler,5.47
7601,embuer,5.41
7610,contrée,5.41
7620,défigurer,5.41
7621,vipère,5.41
7622,pétrifié,5.41
7624,rosier,5.41
7630,maugréer,5.41
7643,désordonné,5.41
7650,flamboyant,5.41
7667,kaki,5.34
7668,paon,5.34
7689,harpe,5.34
7691,lingerie,5.34
7699,ensuivre,5.34
7704,lancinant,5.34
7707,appréhender,5.34
7745,réprobation,5.27
7748,provenance,5.27
7749,confirmation,5.27
7759,oranger,5.27
7764,ronronnement,5.27
7774,hou,5.27
7778,tranchant,5.27
7789,ménagement,5.2
7794,miséricorde,5.2
7798,rétroviseur,5.2
7803,braver,5.2
7816,dépêche,5.2
7826,brunâtre,5.2
7831,guérison,5.2
7839,envol,5.2
7840,désaccord,5.2
7843,habilement,5.2
7845,rétracter,5.14
7850,dévier,5.14
7854,valser,5.14
7862,fougue,5.14
7867,givre,5.14
7874,bouse,5.14
7894,noueux,5.14
7898,admirateur,5.14
7900,astuce,5.07
7904,stupéfier,5.07
7907,symboliser,5.07
7909,agréer,5.07
7914,graisseux,5.07
7921,adoration,5.07
7934,arrivant,5.07
7937,compétence,5.07
7939,gradin,5.07
7947,réveillon,5.07
7951,épidémie,5.07
7960,pâteux,5.07
7961,t,5.07
7965,félicitation,5.07
7968,moisir,5.0
7969,dodu,5.0
7970,garanti,5.0
7974,meurtri,5.0
7977,descendant,5.0
7984,concurrence,5.0
7985,incrédulité,5.0
7998,terrasser,5.0
8005,maturité,5.0
8010,éminent,5.0
8013,v,5.0
8036,raté,4.93
8048,vermine,4.93
8068,trophée,4.93
8077,rugissement,4.93
8081,dôme,4.93
8086,miteux,4.86
8096,détermination,4.86
8097,piqué,4.86
8105,bu,4.86
8109,terrifier,4.86
8121,consciencieusement,4.86
8130,perfide,4.86
8136,certaine,4.86
8140,sanction,4.86
8143,maléfique,4.86
8145,sournoisement,4.8
8146,détritus,4.8
8147,parchemin,4.8
8158,célébrité,4.8
8165,saupoudrer,4.8
8170,amende,4.8
8181,bourrade,4.8
8182,globuleux,4.8
8191,rusé,4.8
8192,touffu,4.8
8194,rayonnant,4.8
8195,cordial,4.8
8212,renvoi,4.8
8215,piailler,4.73
8227,saumon,4.73
8232,levée,4.73
8244,gâté,4.73
8258,recourir,4.73
8267,ambitieux,4.73
8286,grouillant,4.73
8290,ruée,4.73
8292,hautement,4.73
8294,onctueux,4.73
8296,c,4.73
8300,ruser,4.66
8305,enthousiasmer,4.66
8316,écailler,4.66
8324,resplendir,4.66
8333,outrager,4.66
8336,acclamation,4.66
8341,boussole,4.66
8353,persécution,4.66
8361,démasquer,4.66
8365,buveur,4.66
8376,reconnaissable,4.66
8388,pester,4.59
8395,délabré,4.59
8402,fâché,4.59
8415,terroriser,4.59
8420,fixé,4.59
8425,aptitude,4.59
8426,flash,4.59
8429,ondulé,4.59
8435,mutuellement,4.59
8437,renfermer,4.59
8448,cahoter,4.53
8455,mosaïque,4.53
8467,basse,4.53
8469,plant,4.53
8474,généreusement,4.53
8485,pénétrant,4.53
8490,rapiécer,4.53
8492,pub,4.53
8494,hargne,4.53
8497,consternation,4.53
8498,vitreux,4.53
8503,smoking,4.53
8522,captivité,4.46
8529,effilé,4.46
8535,raviver,4.46
8540,vote,4.46
8548,gobelet,4.46
8555,pluvieux,4.46
8564,moisi,4.46
8575,serpillière,4.46
8577,fendu,4.46
8587,rivaliser,4.39
8589,vautour,4.39
8600,mutiler,4.39
8624,toast,4.39
8640,épineux,4.39
8641,cahot,4.39
8654,ronchonner,4.32
8655,cabosser,4.32
8661,adverse,4.32
8689,teindre,4.32
8699,ingénieux,4.32
8705,épousseter,4.32
8729,éternuer,4.26
8749,tondre,4.26
8750,utilisation,4.26
8753,encrier,4.26
8760,rebut,4.26
8774,coquin,4.26
8780,châtain,4.26
8784,cramoisi,4.26
8785,consterner,4.26
8791,caressant,4.26
8837,navrer,4.19
8841,performance,4.19
8844,agaçant,4.19
8849,inexorable,4.19
8855,départir,4.19
8857,bâillement,4.19
8858,coiffé,4.19
8859,optimiste,4.19
8892,banderole,4.19
8894,gentleman,4.19
8899,graffiti,4.19
8913,dévaster,4.12
8954,hilarité,4.12
8982,lacérer,4.05
8984,cache,4.05
8990,affrontement,4.05
9005,jointure,4.05
9011,répandu,4.05
9012,stature,4.05
9013,somnolent,4.05
9020,conduit,4.05
9021,magicien,4.05
9028,cochonnerie,4.05
9064,argenter,3.99
9066,tendon,3.99
9074,argenterie,3.99
9075,désapprouver,3.99
9079,frappé,3.99
9083,tréteau,3.99
9087,bave,3.99
9107,bibine,3.99
9111,plombier,3.99
9118,batteur,3.99
9127,étonnamment,3.99
9128,éboulis,3.99
9136,écumer,3.92
9178,abject,3.92
9182,cor,3.92
9184,gigot,3.92
9197,réticent,3.92
9208,pincement,3.92
9213,éperdre,3.92
9220,détective,3.92
9222,bouffi,3.92
9228,exclusion,3.92
9233,épauler,3.85
9234,mitrailler,3.85
9238,rétablissement,3.85
9257,grésillement,3.85
9260,bouilloire,3.85
9333,couiner,3.85
9338,perchoir,3.78
9353,inondation,3.78
9359,trafiquer,3.78
9364,pendu,3.78
9368,photographique,3.78
9369,haillon,3.78
9376,ossement,3.78
9379,plumer,3.78
9391,titubant,3.78
9401,moisissure,3.78
9410,enchevêtrement,3.78
9411,confetti,3.78
9443,orient,3.78
9454,agresseur,3.78
9458,écusson,3.78
9463,crochu,3.72
9472,infamie,3.72
9473,réviser,3.72
9483,passablement,3.72
9487,absorbé,3.72
9490,dément,3.72
9506,ganter,3.72
9513,précautionneusement,3.72
9540,nonne,3.72
9546,recroquevillé,3.72
9583,ratatiner,3.65
9590,béer,3.65
9604,écriteau,3.65
9608,intercepter,3.65
9621,autoritaire,3.65
9653,frappant,3.65
9660,ci,3.65
9674,ausculter,3.58
9679,brevet,3.58
9693,confisquer,3.58
9703,étourdi,3.58
9710,cacahuète,3.58
9720,domestiquer,3.58
9733,perturber,3.58
9782,saillir,3.51
9784,poulailler,3.51
9786,modérer,3.51
9812,espionner,3.51
9815,entrebâillement,3.51
9824,rougeoyer,3.51
9829,escapade,3.51
9838,tempêter,3.51
9839,démanger,3.51
9843,accélérateur,3.51
9851,décerner,3.51
9854,éclaboussure,3.51
9890,jade,3.51
9905,surpasser,3.45
9911,cantonade,3.45
9914,immobilier,3.45
9917,squelettique,3.45
9919,lis,3.45
9930,manifeste,3.45
9948,effaré,3.45
9955,insatiable,3.45
9971,ingéniosité,3.45
9973,décomposition,3.45
9987,filant,3.38
10017,délectation,3.38
10019,valide,3.38
10035,caramel,3.38
10048,affectueusement,3.38
10082,potelé,3.38
10089,ensommeillé,3.38
10101,présager,3.31
10111,draperie,3.31
10112,rafistoler,3.31
10120,dégourdir,3.31
10129,aspirateur,3.31
10134,pincée,3.31
10138,roser,3.31
10164,entreposer,3.31
10165,insigne,3.31
10174,engrais,3.31
10180,lampée,3.31
10212,insultant,3.24
10222,potager,3.24
10231,confortablement,3.24
10298,vampire,3.24
10301,transpiration,3.24
10308,infantile,3.24
10342,envolée,3.18
10350,disparate,3.18
10358,cool,3.18
10371,bancal,3.18
10373,moulinet,3.18
10375,sortilège,3.18
10377,involontairement,3.18
10387,marchander,3.18
10388,orphelinat,3.18
10389,piqueter,3.18
10397,fournaise,3.18
10414,ébahi,3.18
10436,repu,3.18
10438,décoiffer,3.18
10455,infranchissable,3.18
10473,venin,3.11
10474,flamboyer,3.11
10513,poulpe,3.11
10516,tortueux,3.11
10519,cliqueter,3.11
10523,verrue,3.11
10540,condisciple,3.11
10544,renommée,3.11
10547,rubis,3.11
10551,engeance,3.11
10568,nomination,3.11
10570,inanimé,3.11
10578,loyauté,3.11
10582,penderie,3.11
10590,répartition,3.11
10604,horrifier,3.04
10609,sertir,3.04
10634,turbulent,3.04
10650,tonitruant,3.04
10669,tibia,3.04
10670,apposer,3.04
10691,boum,3.04
10717,renverse,3.04
10720,neutraliser,2.97
10721,agresser,2.97
10727,racaille,2.97
10728,frénétiquement,2.97
10736,dinde,2.97
10745,beurrer,2.97
10747,bandage,2.97
10749,potion,2.97
10757,championnat,2.97
10763,hibou,2.97
10770,idiotie,2.97
10779,ébouriffer,2.97
10780,doucereux,2.97
10782,empourprer,2.97
10788,abstraction,2.97
10795,expérimenter,2.97
10797,grosseur,2.97
10800,rengorger,2.97
10814,somnifère,2.97
10815,écaillé,2.97
10824,fiston,2.97
10829,gond,2.97
10831,talisman,2.97
10839,aimant,2.97
10864,révélateur,2.91
10884,hic,2.91
10891,inestimable,2.91
10893,réjouissance,2.91
10904,crucial,2.91
10916,vraisemblance,2.91
10920,atterrer,2.91
10926,autonome,2.91
10950,citrouille,2.91
10953,fan,2.91
10955,intraitable,2.91
10956,interrogateur,2.91
10962,constitué,2.91
10977,théière,2.91
10980,écharde,2.91
10984,gratuitement,2.91
10985,canaille,2.91
10986,instructif,2.91
10996,terrier,2.91
10997,souillure,2.91
11004,récurer,2.84
11007,exorbité,2.84
11008,adepte,2.84
11025,donne,2.84
11030,localiser,2.84
11052,typique,2.84
11054,sarcastique,2.84
11055,rampant,2.84
11075,haute,2.84
11089,fondu,2.84
11108,notoriété,2.84
11118,éclore,2.84
11137,perruche,2.84
11139,décontenancer,2.77
11153,fourniture,2.77
11202,désorienter,2.77
11203,malpropre,2.77
11210,douzième,2.77
11211,préambule,2.77
11215,déraisonnable,2.77
11216,percuter,2.77
11223,cinglant,2.77
11225,beignet,2.77
11232,gorille,2.77
11251,couvre-lit,2.77
11252,venimeux,2.77
11259,aménagement,2.77
11260,canari,2.77
11264,réfrigérateur,2.77
11270,baldaquin,2.77
11273,turquoise,2.77
11281,magnifiquement,2.77
11302,fétide,2.7
11340,inquisiteur,2.7
11342,imbécillité,2.7
11359,plumeau,2.7
11395,indescriptible,2.7
11405,audible,2.7
11412,chahut,2.7
11429,tombal,2.7
11442,gambader,2.64
11454,gémissant,2.64
11461,zigzag,2.64
11476,désagrément,2.64
11481,centième,2.64
11484,escarpé,2.64
11491,filon,2.64
11492,encyclopédie,2.64
11507,garnement,2.64
11530,furibond,2.64
11536,japper,2.64
11540,émousser,2.64
11587,vaillamment,2.64
11591,plumage,2.64
11595,abasourdi,2.64
11601,affluence,2.64
11605,bicorne,2.64
11611,aversion,2.64
11617,minimiser,2.57
11637,bougeoir,2.57
11652,écoper,2.57
11657,suspicion,2.57
11659,désarçonner,2.57
11660,débutant,2.57
11684,prometteur,2.57
11686,insoupçonné,2.57
11703,famélique,2.57
11722,taie,2.57
11735,monocorde,2.57
11742,sautillant,2.57
11743,compatir,2.57
11753,miaulement,2.57
11770,mage,2.57
11782,repoussant,2.57
11786,sir,2.57
11799,gui,2.5
11808,bibliothécaire,2.5
11819,enneigé,2.5
11863,bajoue,2.5
11865,tentacule,2.5
11896,retentissant,2.5
11900,éructer,2.5
11903,décamper,2.5
11950,rhinocéros,2.5
11959,prévenance,2.5
11971,infamant,2.43
11986,réprobateur,2.43
11995,démence,2.43
12038,fouiner,2.43
12042,geignard,2.43
12046,gazette,2.43
12048,flânerie,2.43
12093,poursuivant,2.43
12103,laitier,2.43
12156,pétarade,2.36
12157,demi-lune,2.36
12159,torve,2.36
12162,astucieux,2.36
12168,demeuré,2.36
12169,enflure,2.36
12172,coulisser,2.36
12175,reptile,2.36
12191,comté,2.36
12209,découdre,2.36
12214,frousse,2.36
12235,express,2.36
12241,marchant,2.36
12256,vénéneux,2.36
12263,gargouiller,2.36
12277,craqueler,2.36
12289,renfrogné,2.36
12294,séquelle,2.36
12303,parvenu,2.36
12322,proéminent,2.36
12391,malodorant,2.3
12395,sottement,2.3
12426,touiller,2.3
12444,pichenette,2.3
12445,démangeaison,2.3
12448,bonder,2.3
12450,perquisition,2.3
12453,démoniaque,2.3
12465,boa,2.3
12467,sanguinaire,2.3
12472,crève,2.3
12495,dédicace,2.3
12506,chancelant,2.23
12515,atterrissage,2.23
12521,efficacement,2.23
12539,déraciner,2.23
12540,nuisible,2.23
12575,destinataire,2.23
12594,pavaner,2.23
12596,collision,2.23
12600,mite,2.23
12604,passoire,2.23
12611,pointé,2.23
12616,sifflant,2.23
12622,lacune,2.23
12677,assortiment,2.23
12702,judicieux,2.16
12708,enrouer,2.16
12741,envoûter,2.16
12757,colporter,2.16
12808,insoluble,2.16
12831,fondateur,2.16
12842,rougissant,2.16
12870,ligue,2.09
12905,aigrir,2.09
12908,recoiffer,2.09
12914,raclement,2.09
12928,option,2.09
12944,détournement,2.09
12972,sonnet,2.09
12988,bouledogue,2.09
13058,serra,2.09
13169,chatoyant,2.03
13178,entrelacer,2.03
13200,sombrement,2.03
13206,repassage,2.03
13216,gnome,2.03
13239,intérim,2.03
13257,jappement,2.03
13374,cake,1.96
13390,rogue,1.96
13399,enfreindre,1.96
13407,grassouillet,1.96
13409,effarer,1.96
13412,tragiquement,1.96
13415,broussailleux,1.96
13417,embrumer,1.96
13420,embardée,1.96
13433,pivoine,1.96
13505,facétie,1.96
13520,interrogatif,1.89
13562,congénère,1.89
13577,cadenasser,1.89
13613,friper,1.89
13627,arrosage,1.89
13633,vadrouille,1.89
13654,lut,1.89
13666,combustion,1.89
13677,loqueteux,1.89
13681,têtard,1.89
13684,chaleureusement,1.89
13714,pillard,1.89
13740,marbrer,1.82
13767,ébouler,1.82
13803,jaillissement,1.82
13814,chevalin,1.82
13841,lamentablement,1.82
13843,bienvenu,1.82
13880,consécutif,1.82
13898,questionnaire,1.82
13901,autographe,1.82
13903,macérer,1.82
13909,ladite,1.82
13917,gargouille,1.82
13940,ingrédient,1.82
13941,abusif,1.82
13957,licorne,1.82
13959,démissionner,1.82
13976,promoteur,1.82
13977,gâche,1.82
13983,hululement,1.82
13990,magnum,1.76
13995,illégal,1.76
14022,corpulent,1.76
14026,senti,1.76
14030,apeurer,1.76
14031,colimaçon,1.76
14074,envieux,1.76
14078,boutonneux,1.76
14098,bricolage,1.76
14149,fantaisiste,1.76
14156,expulsion,1.76
14170,charmeur,1.76
14177,molosse,1.76
14197,capture,1.76
14220,réjouissant,1.76
14229,candidature,1.76
14240,échappement,1.69
14250,chouchou,1.69
14252,surexciter,1.69
14260,mandragore,1.69
14302,toboggan,1.69
14306,philtre,1.69
14308,passe-montagne,1.69
14319,catégoriquement,1.69
14333,maléfice,1.69
14334,tuyauterie,1.69
14344,céréale,1.69
14345,érudit,1.69
14406,enseignant,1.69
14420,rot,1.69
14462,retors,1.69
14488,tournis,1.62
14526,replet,1.62
14550,oubliette,1.62
14569,violacer,1.62
14598,goinfrer,1.62
14647,récapituler,1.62
14658,distinctif,1.62
14671,holà,1.62
14728,salamandre,1.62
14739,mixture,1.62
14792,irritable,1.55
14820,formulaire,1.55
14826,sorbet,1.55
14877,approbateur,1.55
14896,muni,1.55
14935,grièvement,1.55
14939,désapprobation,1.55
14962,caqueter,1.55
14984,débraillé,1.55
14995,retourne,1.55
14999,répréhensible,1.55
15002,arbalète,1.55
15028,circonflexe,1.55
15109,ensorceler,1.49
15155,délabrer,1.49
15166,dédicacer,1.49
15174,huée,1.49
15184,hebdo,1.49
15190,honoraire,1.49
15235,pourpoint,1.49
15251,sécateur,1.49
15275,ulcérer,1.49
15284,myosotis,1.49
15288,caban,1.49
15319,neuvième,1.49
15347,benêt,1.49
15354,verse,1.42
15356,vigile,1.42
15383,pichet,1.42
15403,postillon,1.42
15431,scarabée,1.42
15445,torchère,1.42
15448,tapi,1.42
15454,zigoto,1.42
15480,garde-chasse,1.42
15494,accusateur,1.42
15550,griffon,1.42
15586,elfe,1.42
15593,harpie,1.42
15603,atterré,1.42
15604,attrape,1.42
15607,débardeur,1.42
15608,claquant,1.42
15610,déboussoler,1.42
15662,amorphe,1.42
15719,autobiographie,1.35
15722,cramoisir,1.35
15731,givrer,1.35
15807,lente,1.35
15860,antidote,1.35
15940,sorcellerie,1.35
15966,étouffée,1.35
16060,marathon,1.28
16061,défroisser,1.28
16142,houx,1.28
16148,uppercut,1.28
16154,directorial,1.28
16175,apothicaire,1.28
16191,lasso,1.28
16239,sangsue,1.28
16252,efflanquer,1.28
16320,coté,1.28
16332,intensifier,1.28
16356,wagonnet,1.28
16484,envahi,1.22
16544,porcherie,1.22
16562,repérable,1.22
16563,sélectif,1.22
16574,oisillon,1.22
16617,pouilleux,1.22
16630,hachis,1.22
16665,évider,1.22
16684,grincheux,1.22
16688,grimoire,1.22
16706,mollusque,1.22
16732,affabulation,1.22
16736,mister,1.22
16764,acerbe,1.22
16800,étriquer,1.15
16853,confédération,1.15
16882,teigne,1.15
16959,balafré,1.15
16963,rogaton,1.15
16987,simiesque,1.15
17002,artisanat,1.15
17070,millième,1.15
17085,amnésie,1.15
17142,équipé,1.15
17147,beuglement,1.15
17154,bégonia,1.15
17172,mangeoire,1.08
17273,sycomore,1.08
17307,charivari,1.08
17336,désopilant,1.08
17406,pervenche,1.08
17468,min,1.08
17516,podium,1.08
17529,cahotant,1.08
17531,urger,1.08
17559,claironnant,1.08
17574,amulette,1.08
17587,têt,1.08
17605,panteler,1.01
17610,assoupissement,1.01
17617,paniqué,1.01
17628,basilic,1.01
17658,pétunia,1.01
17662,honnir,1.01
17669,ressouder,1.01
17697,torrentiel,1.01
17818,gribouillis,1.01
17883,fréquentable,1.01
17896,pâques,1.01
17927,lutin,1.01
18015,décontracté,1.01
18106,afin,0.95
18168,parce,0.95
18369,tisonnier,0.95
18378,londonien,0.95
18383,sanglotant,0.95
18411,arménien,0.95
18443,salvateur,0.95
18492,ébrécher,0.95
18546,redoute,0.88
18584,coule,0.88
18610,déconfit,0.88
18713,caoutchouteux,0.88
18763,annulation,0.88
18887,chenapan,0.88
18977,désarmement,0.88
18980,quasi-totalité,0.88
19049,spectral,0.81
19096,désobliger,0.81
19108,récidive,0.81
19132,papillonner,0.81
19151,caméléon,0.81
19155,trotte,0.81
19206,accidentellement,0.81
19264,bâillant,0.81
19319,enjouer,0.81
19334,best-seller,0.81
19375,plomberie,0.81
19385,opale,0.81
19513,réacteur,0.81
19542,incompétent,0.81
19731,remonte,0.74
19943,centaure,0.74
19963,désordonner,0.74
20021,perturbé,0.74
20147,botanique,0.74
20188,porridge,0.74
20260,boomerang,0.68
20321,requis,0.68
20363,ouvrager,0.68
20457,lauréat,0.68
20513,antécédent,0.68
20578,argus,0.68
20587,alinéa,0.68
20593,tombola,0.68
20640,impoli,0.68
20705,mimi,0.68
20709,tortu,0.68
20732,sinuosité,0.68
20744,noise,0.68
20769,indolore,0.68
20817,balourd,0.68
20838,phénix,0.68
20854,recommandable,0.68
20927,constellé,0.61
20982,goinfre,0.61
21021,cardigan,0.61
21093,q,0.61
21213,désincarner,0.61
21291,mégaphone,0.61
21376,bang,0.61
21396,mécher,0.61
21417,bec-de-lièvre,0.61
21553,lévitation,0.61
21557,ténèbre,0.61
21577,heurtoir,0.61
21695,python,0.54
21703,fouetté,0.54
21824,beurk,0.54
22189,cajoleur,0.54
22213,colin,0.54
22303,prion,0.54
22377,gavage,0.54
22481,calculateur,0.47
22581,blizzard,0.47
22713,endiabler,0.47
22757,bacon,0.47
22777,caquètement,0.47
22982,cogneur,0.47
23005,râleur,0.47
23010,angleterre,0.47
23200,édenter,0.47
23488,révérencieux,0.41
23511,réservation,0.41
23524,discourtois,0.41
23574,constrictor,0.41
23767,ri,0.41
23814,cross,0.41
23933,attaquant,0.41
24098,quasi-certitude,0.41
24192,farfadet,0.41
24249,gobelin,0.41
24338,batte,0.41
24674,hiberner,0.34
24814,rez,0.34
24854,chatouillis,0.34
24863,débrouille,0.34
24922,ron,0.34
25158,frappeur,0.34
25182,curatif,0.34
25546,congélateur,0.34
25583,golfeur,0.34
25792,accidenter,0.27
25994,ajoute,0.27
26014,troll,0.27
26021,cupidon,0.27
26191,abracadabra,0.27
26262,comporte,0.27
26764,volt,0.27
26991,baratineur,0.27
27022,papetier,0.27
27027,import,0.27
27040,invisibilité,0.27
27077,empailler,0.27
27136,lambrisser,0.27
27192,baveur,0.27
27250,escalator,0.27
27646,détergent,0.2
27765,sportivement,0.2
27920,merlin,0.2
28161,bourbe,0.2
28200,balais,0.2
28253,raz-de-marée,0.2
28442,tape,0.2
28450,éructation,0.2
28794,brésil,0.2
28851,flûter,0.2
29276,randonner,0.2
29421,vérifiable,0.2
29475,nimbus,0.2
29613,bée,0.14
30118,compost,0.14
30398,vit,0.14
30425,tom,0.14
30569,yéti,0.14
31576,gargouillant,0.14
31593,garou,0.14
31974,hockey,0.14
32658,mordeur,0.14
32716,contre-indiquer,0.14
33238,martin,0.07
33292,bill,0.07
33522,plupart,0.07
34135,pénalité,0.07
34299,goule,0.07
36439,immobilisant,0.07
36562,vauxhall,0.07
36688,intelliger,0.07
38029,tau,0.07
38186,déclencheur,0.07
39038,chauvir,0.07
39412,flint,0.07
39613,sisymbre,0.07
40140,monte,0.0
40252,moque,0.0
40433,lev,0.0
40753,ose,0.0
40880,douce,0.0
42221,sert,0.0
43171,poursuiveur,0.0
43183,halloween,0.0
43738,hermès,0.0
44512,précieuse,0.0
44842,rassir,0.0
45111,attrapeur,0.0
45176,aurai,0.0
45309,violeter,0.0
46194,va,0.0
46218,tapa,0.0
46428,rempoter,0.0
